X,CH1,CH2,CH3,CH4,Start,Increment,
Sequence,Volt,Volt,Volt,Volt,-3.000000e-02,5.000000e-05
0,-1.60e-01,2.40e-01,-4.96e+00,6.56e+00,
1,-2.80e-01,2.80e-01,-5.92e+00,7.20e+00,
2,-1.60e-01,2.40e-01,-5.28e+00,6.56e+00,
3,-2.80e-01,3.20e-01,-5.92e+00,7.20e+00,
4,-2.40e-01,2.40e-01,-5.28e+00,6.88e+00,
5,-3.20e-01,3.20e-01,-6.08e+00,6.24e+00,
6,-2.40e-01,2.80e-01,-6.08e+00,6.88e+00,
7,-3.20e-01,3.20e-01,-5.44e+00,6.24e+00,
8,-2.80e-01,2.80e-01,-5.44e+00,6.88e+00,
9,-3.20e-01,3.60e-01,-6.24e+00,6.24e+00,
10,-2.80e-01,2.80e-01,-5.44e+00,6.72e+00,
11,-3.60e-01,3.60e-01,-6.40e+00,6.08e+00,
12,-3.20e-01,2.80e-01,-5.76e+00,6.72e+00,
13,-3.60e-01,3.60e-01,-6.40e+00,6.08e+00,
14,-3.20e-01,3.60e-01,-5.76e+00,6.40e+00,
15,-4.00e-01,3.20e-01,-6.40e+00,5.76e+00,
16,-3.20e-01,3.20e-01,-5.76e+00,6.40e+00,
17,-4.00e-01,3.60e-01,-6.56e+00,5.60e+00,
18,-3.60e-01,3.20e-01,-5.76e+00,6.24e+00,
19,-4.40e-01,4.00e-01,-6.56e+00,5.60e+00,
20,-4.40e-01,4.00e-01,-6.56e+00,6.08e+00,
21,-3.60e-01,3.20e-01,-5.92e+00,5.28e+00,
22,-4.40e-01,4.00e-01,-6.56e+00,5.92e+00,
23,-4.00e-01,3.60e-01,-5.92e+00,5.28e+00,
24,-4.00e-01,4.00e-01,-6.56e+00,5.76e+00,
25,-5.20e-01,3.60e-01,-5.92e+00,5.12e+00,
26,-4.40e-01,4.00e-01,-5.92e+00,5.76e+00,
27,-5.20e-01,3.60e-01,-6.72e+00,4.96e+00,
28,-4.80e-01,3.60e-01,-6.56e+00,5.44e+00,
29,-5.20e-01,4.80e-01,-5.92e+00,4.64e+00,
30,-4.80e-01,3.60e-01,-5.92e+00,5.28e+00,
31,-5.60e-01,4.80e-01,-6.72e+00,4.64e+00,
32,-5.60e-01,4.40e-01,-5.92e+00,4.96e+00,
33,-4.80e-01,4.80e-01,-6.88e+00,4.48e+00,
34,-5.20e-01,4.40e-01,-6.88e+00,4.96e+00,
35,-6.00e-01,4.80e-01,-6.08e+00,4.16e+00,
36,-5.20e-01,4.40e-01,-6.24e+00,4.80e+00,
37,-6.00e-01,4.80e-01,-6.88e+00,4.00e+00,
38,-5.60e-01,4.40e-01,-6.72e+00,4.64e+00,
39,-6.00e-01,4.80e-01,-6.24e+00,3.68e+00,
40,-6.00e-01,4.40e-01,-6.72e+00,4.32e+00,
41,-5.60e-01,5.20e-01,-6.08e+00,3.52e+00,
42,-5.60e-01,4.40e-01,-6.72e+00,4.16e+00,
43,-6.40e-01,5.20e-01,-5.92e+00,3.20e+00,
44,-5.60e-01,5.20e-01,-6.56e+00,3.84e+00,
45,-6.40e-01,4.40e-01,-5.92e+00,3.20e+00,
46,-6.40e-01,4.40e-01,-5.92e+00,3.68e+00,
47,-6.00e-01,5.20e-01,-6.56e+00,2.88e+00,
48,-6.00e-01,5.20e-01,-5.92e+00,3.36e+00,
49,-6.80e-01,4.80e-01,-6.56e+00,2.56e+00,
50,-6.80e-01,4.80e-01,-6.56e+00,3.20e+00,
51,-6.00e-01,5.20e-01,-5.92e+00,2.24e+00,
52,-6.00e-01,4.80e-01,-6.56e+00,2.88e+00,
53,-6.80e-01,5.20e-01,-5.76e+00,2.08e+00,
54,-6.80e-01,5.20e-01,-6.56e+00,2.72e+00,
55,-6.40e-01,4.80e-01,-5.76e+00,1.92e+00,
56,-6.80e-01,5.20e-01,-5.76e+00,2.40e+00,
57,-6.40e-01,4.80e-01,-6.40e+00,1.60e+00,
58,-6.40e-01,4.80e-01,-5.76e+00,2.24e+00,
59,-7.60e-01,5.20e-01,-6.40e+00,1.60e+00,
60,-6.80e-01,5.20e-01,-6.40e+00,1.92e+00,
61,-7.60e-01,4.80e-01,-5.44e+00,1.28e+00,
62,-7.60e-01,4.80e-01,-6.08e+00,1.76e+00,
63,-6.40e-01,5.20e-01,-5.44e+00,1.12e+00,
64,-7.20e-01,5.20e-01,-6.08e+00,1.44e+00,
65,-7.60e-01,4.80e-01,-5.44e+00,8.00e-01,
66,-7.20e-01,4.80e-01,-6.08e+00,1.28e+00,
67,-7.60e-01,5.20e-01,-5.28e+00,6.40e-01,
68,-7.20e-01,4.80e-01,-5.28e+00,9.60e-01,
69,-7.60e-01,5.20e-01,-5.92e+00,3.20e-01,
70,-7.20e-01,4.80e-01,-4.96e+00,8.00e-01,
71,-7.60e-01,5.20e-01,-5.92e+00,1.60e-01,
72,-7.20e-01,4.80e-01,-5.76e+00,4.80e-01,
73,-8.00e-01,5.20e-01,-4.96e+00,-1.60e-01,
74,-7.20e-01,4.80e-01,-5.76e+00,3.20e-01,
75,-8.00e-01,5.20e-01,-4.96e+00,-3.20e-01,
76,-8.00e-01,4.80e-01,-5.60e+00,3.20e-01,
77,-7.20e-01,5.20e-01,-4.80e+00,-4.80e-01,
78,-7.20e-01,4.80e-01,-5.44e+00,0.00e+00,
79,-8.00e-01,5.20e-01,-4.80e+00,-8.00e-01,
80,-7.20e-01,4.80e-01,-5.44e+00,-1.60e-01,
81,-8.00e-01,5.20e-01,-4.48e+00,-9.60e-01,
82,-7.20e-01,4.80e-01,-5.12e+00,-4.80e-01,
83,-7.60e-01,5.20e-01,-4.32e+00,-1.28e+00,
84,-7.20e-01,5.20e-01,-4.96e+00,-6.40e-01,
85,-7.60e-01,4.40e-01,-4.32e+00,-1.44e+00,
86,-7.20e-01,5.20e-01,-4.96e+00,-8.00e-01,
87,-7.60e-01,4.40e-01,-4.00e+00,-1.76e+00,
88,-7.60e-01,4.40e-01,-4.64e+00,-1.12e+00,
89,-7.20e-01,5.20e-01,-3.84e+00,-1.92e+00,
90,-7.20e-01,4.40e-01,-4.64e+00,-1.28e+00,
91,-8.00e-01,5.20e-01,-3.84e+00,-1.92e+00,
92,-7.20e-01,4.40e-01,-4.48e+00,-1.60e+00,
93,-8.00e-01,4.80e-01,-3.52e+00,-2.24e+00,
94,-7.20e-01,4.40e-01,-4.16e+00,-1.76e+00,
95,-8.00e-01,4.80e-01,-3.52e+00,-2.40e+00,
96,-8.00e-01,4.40e-01,-3.36e+00,-2.08e+00,
97,-7.20e-01,4.80e-01,-4.16e+00,-2.72e+00,
98,-7.20e-01,4.40e-01,-3.68e+00,-2.24e+00,
99,-8.00e-01,4.80e-01,-3.04e+00,-2.88e+00,
100,-7.20e-01,3.60e-01,-3.68e+00,-2.56e+00,
101,-7.60e-01,4.80e-01,-2.88e+00,-3.20e+00,
102,-7.20e-01,4.80e-01,-3.52e+00,-2.72e+00,
103,-7.60e-01,3.60e-01,-2.72e+00,-3.36e+00,
104,-7.20e-01,4.40e-01,-3.20e+00,-3.04e+00,
105,-7.60e-01,3.60e-01,-2.40e+00,-3.68e+00,
106,-7.60e-01,4.00e-01,-3.04e+00,-3.04e+00,
107,-6.40e-01,3.60e-01,-2.24e+00,-3.84e+00,
108,-7.60e-01,4.00e-01,-2.24e+00,-3.36e+00,
109,-6.40e-01,3.60e-01,-2.88e+00,-4.16e+00,
110,-7.60e-01,4.00e-01,-2.72e+00,-3.52e+00,
111,-6.40e-01,3.20e-01,-1.92e+00,-4.32e+00,
112,-6.80e-01,3.20e-01,-2.56e+00,-3.68e+00,
113,-6.40e-01,4.00e-01,-1.76e+00,-4.48e+00,
114,-6.80e-01,4.00e-01,-2.40e+00,-4.00e+00,
115,-6.40e-01,3.20e-01,-1.44e+00,-4.80e+00,
116,-6.80e-01,3.60e-01,-2.08e+00,-4.80e+00,
117,-6.00e-01,3.20e-01,-1.28e+00,-4.16e+00,
118,-6.80e-01,3.60e-01,-1.76e+00,-4.48e+00,
119,-6.00e-01,3.20e-01,-9.60e-01,-5.12e+00,
120,-6.00e-01,3.60e-01,-1.60e+00,-4.64e+00,
121,-6.40e-01,2.80e-01,-8.00e-01,-5.28e+00,
122,-6.40e-01,2.80e-01,-1.44e+00,-4.64e+00,
123,-6.00e-01,3.60e-01,-4.80e-01,-5.44e+00,
124,-6.40e-01,3.20e-01,-1.12e+00,-4.96e+00,
125,-5.60e-01,2.80e-01,-3.20e-01,-5.44e+00,
126,-5.60e-01,3.20e-01,-3.20e-01,-5.12e+00,
127,-6.40e-01,2.40e-01,-1.12e+00,-5.76e+00,
128,-6.00e-01,3.20e-01,-9.60e-01,-5.12e+00,
129,-5.60e-01,2.40e-01,0.00e+00,-5.92e+00,
130,-6.00e-01,2.40e-01,-6.40e-01,-5.92e+00,
131,-5.20e-01,3.20e-01,1.60e-01,-5.28e+00,
132,-6.00e-01,2.40e-01,-4.80e-01,-5.44e+00,
133,-5.20e-01,2.80e-01,4.80e-01,-6.24e+00,
134,-5.20e-01,2.80e-01,-1.60e-01,-5.60e+00,
135,-5.60e-01,2.00e-01,6.40e-01,-6.24e+00,
136,-5.60e-01,2.00e-01,0.00e+00,-5.76e+00,
137,-4.80e-01,2.80e-01,9.60e-01,-6.40e+00,
138,-5.60e-01,2.00e-01,3.20e-01,-5.92e+00,
139,-4.80e-01,2.00e-01,1.12e+00,-6.72e+00,
140,-5.20e-01,2.00e-01,4.80e-01,-6.08e+00,
141,-4.40e-01,1.20e-01,1.12e+00,-6.72e+00,
142,-4.00e-01,1.20e-01,4.80e-01,-6.24e+00,
143,-5.20e-01,2.00e-01,1.28e+00,-6.72e+00,
144,-4.40e-01,1.60e-01,8.00e-01,-6.88e+00,
145,-4.00e-01,1.20e-01,1.60e+00,-6.24e+00,
146,-4.40e-01,1.60e-01,9.60e-01,-6.40e+00,
147,-3.60e-01,1.20e-01,1.76e+00,-7.04e+00,
148,-4.40e-01,1.60e-01,1.28e+00,-7.20e+00,
149,-3.60e-01,8.00e-02,2.08e+00,-6.56e+00,
150,-4.00e-01,8.00e-02,1.44e+00,-6.56e+00,
151,-3.20e-01,1.60e-01,2.08e+00,-7.20e+00,
152,-4.00e-01,8.00e-02,2.24e+00,-6.56e+00,
153,-3.20e-01,1.20e-01,1.44e+00,-7.20e+00,
154,-3.20e-01,1.20e-01,1.60e+00,-6.72e+00,
155,-3.60e-01,4.00e-02,2.56e+00,-7.36e+00,
156,-3.60e-01,4.00e-02,1.92e+00,-7.36e+00,
157,-2.80e-01,1.20e-01,2.72e+00,-6.72e+00,
158,-3.60e-01,8.00e-02,2.72e+00,-7.36e+00,
159,-2.80e-01,4.00e-02,2.08e+00,-6.72e+00,
160,-3.20e-01,8.00e-02,2.24e+00,-7.36e+00,
161,-2.40e-01,0.00e+00,3.04e+00,-6.72e+00,
162,-2.40e-01,0.00e+00,2.56e+00,-7.36e+00,
163,-3.20e-01,8.00e-02,3.20e+00,-6.88e+00,
164,-2.40e-01,4.00e-02,2.56e+00,-7.04e+00,
165,-2.80e-01,0.00e+00,3.52e+00,-7.68e+00,
166,-1.60e-01,4.00e-02,2.88e+00,-7.04e+00,
167,-2.80e-01,-8.00e-02,3.68e+00,-7.68e+00,
168,-2.00e-01,-8.00e-02,3.04e+00,-7.68e+00,
169,-1.60e-01,4.00e-02,4.00e+00,-7.04e+00,
170,-2.00e-01,-4.00e-02,3.36e+00,-7.68e+00,
171,-1.20e-01,-8.00e-02,4.00e+00,-7.04e+00,
172,-2.00e-01,-4.00e-02,3.36e+00,-7.68e+00,
173,-1.20e-01,-1.20e-01,4.16e+00,-7.04e+00,
174,-1.60e-01,-1.20e-01,3.52e+00,-7.68e+00,
175,-8.00e-02,-4.00e-02,4.48e+00,-7.04e+00,
176,-1.60e-01,-8.00e-02,3.84e+00,-7.68e+00,
177,-8.00e-02,-1.20e-01,4.48e+00,-7.04e+00,
178,-1.20e-01,-8.00e-02,4.00e+00,-7.04e+00,
179,-4.00e-02,-1.20e-01,4.64e+00,-7.68e+00,
180,-4.00e-02,-8.00e-02,4.00e+00,-7.68e+00,
181,-1.20e-01,-1.60e-01,4.96e+00,-7.04e+00,
182,-8.00e-02,-8.00e-02,4.32e+00,-7.04e+00,
183,0.00e+00,-1.60e-01,5.12e+00,-7.68e+00,
184,0.00e+00,-1.20e-01,5.12e+00,-7.04e+00,
185,-8.00e-02,-1.60e-01,4.48e+00,-7.68e+00,
186,-4.00e-02,-1.20e-01,4.48e+00,-7.04e+00,
187,8.00e-02,-2.00e-01,5.44e+00,-7.68e+00,
188,8.00e-02,-2.00e-01,4.80e+00,-7.36e+00,
189,-4.00e-02,-1.20e-01,5.60e+00,-7.04e+00,
190,4.00e-02,-1.60e-01,4.96e+00,-7.36e+00,
191,1.20e-01,-2.00e-01,5.60e+00,-6.72e+00,
192,1.20e-01,-1.60e-01,4.96e+00,-7.36e+00,
193,4.00e-02,-2.40e-01,5.76e+00,-6.72e+00,
194,8.00e-02,-2.40e-01,5.28e+00,-6.72e+00,
195,1.60e-01,-1.60e-01,5.76e+00,-7.36e+00,
196,1.60e-01,-2.40e-01,5.28e+00,-6.56e+00,
197,8.00e-02,-2.00e-01,5.92e+00,-7.20e+00,
198,1.20e-01,-2.40e-01,5.28e+00,-6.56e+00,
199,1.60e-01,-2.00e-01,6.08e+00,-7.20e+00,
200,1.20e-01,-3.20e-01,5.44e+00,-7.20e+00,
201,2.00e-01,-2.00e-01,6.08e+00,-6.40e+00,
202,2.00e-01,-3.20e-01,5.44e+00,-7.20e+00,
203,1.20e-01,-2.00e-01,6.24e+00,-6.24e+00,
204,1.60e-01,-2.80e-01,5.76e+00,-6.88e+00,
205,2.40e-01,-3.20e-01,6.56e+00,-6.24e+00,
206,1.60e-01,-2.80e-01,5.76e+00,-6.24e+00,
207,2.40e-01,-3.60e-01,6.56e+00,-6.88e+00,
208,3.20e-01,-3.60e-01,6.56e+00,-6.72e+00,
209,2.00e-01,-2.80e-01,5.92e+00,-6.08e+00,
210,3.20e-01,-3.60e-01,5.92e+00,-6.72e+00,
211,2.00e-01,-2.80e-01,6.72e+00,-6.08e+00,
212,2.80e-01,-3.20e-01,6.72e+00,-6.72e+00,
213,3.60e-01,-3.60e-01,6.08e+00,-5.76e+00,
214,2.80e-01,-3.20e-01,6.72e+00,-6.40e+00,
215,3.60e-01,-4.00e-01,6.08e+00,-5.76e+00,
216,3.20e-01,-3.20e-01,6.72e+00,-6.24e+00,
217,3.60e-01,-4.00e-01,6.08e+00,-5.60e+00,
218,3.20e-01,-3.20e-01,6.08e+00,-6.24e+00,
219,4.00e-01,-4.00e-01,7.04e+00,-5.44e+00,
220,4.00e-01,-4.00e-01,7.04e+00,-5.92e+00,
221,3.20e-01,-3.60e-01,6.24e+00,-5.28e+00,
222,3.60e-01,-4.00e-01,7.04e+00,-5.92e+00,
223,4.40e-01,-3.60e-01,6.40e+00,-5.12e+00,
224,4.40e-01,-3.60e-01,6.40e+00,-5.76e+00,
225,3.60e-01,-4.40e-01,7.04e+00,-4.96e+00,
226,4.40e-01,-4.40e-01,6.40e+00,-5.44e+00,
227,4.00e-01,-3.60e-01,7.04e+00,-4.80e+00,
228,4.00e-01,-4.40e-01,7.04e+00,-5.28e+00,
229,5.20e-01,-3.60e-01,6.40e+00,-4.64e+00,
230,4.00e-01,-4.40e-01,6.40e+00,-4.48e+00,
231,5.20e-01,-4.00e-01,7.20e+00,-5.12e+00,
232,4.80e-01,-4.00e-01,6.40e+00,-5.12e+00,
233,5.20e-01,-4.40e-01,7.04e+00,-4.16e+00,
234,4.80e-01,-4.40e-01,6.40e+00,-4.80e+00,
235,5.60e-01,-4.00e-01,7.20e+00,-4.16e+00,
236,4.80e-01,-4.00e-01,6.40e+00,-4.00e+00,
237,5.60e-01,-4.80e-01,7.20e+00,-4.64e+00,
238,5.20e-01,-4.80e-01,7.20e+00,-4.32e+00,
239,5.60e-01,-4.00e-01,6.40e+00,-3.68e+00,
240,5.20e-01,-4.00e-01,7.04e+00,-4.16e+00,
241,6.00e-01,-4.80e-01,6.40e+00,-3.52e+00,
242,6.00e-01,-4.80e-01,7.04e+00,-4.00e+00,
243,5.20e-01,-4.40e-01,6.40e+00,-3.20e+00,
244,5.60e-01,-4.80e-01,7.04e+00,-3.84e+00,
245,6.00e-01,-4.40e-01,6.40e+00,-3.04e+00,
246,5.60e-01,-4.80e-01,7.04e+00,-3.36e+00,
247,6.00e-01,-4.40e-01,6.40e+00,-2.72e+00,
248,5.60e-01,-4.80e-01,6.40e+00,-3.36e+00,
249,6.40e-01,-4.40e-01,7.04e+00,-2.56e+00,
250,5.60e-01,-4.80e-01,6.40e+00,-3.04e+00,
251,6.40e-01,-4.40e-01,7.04e+00,-2.24e+00,
252,6.40e-01,-4.80e-01,7.04e+00,-2.72e+00,
253,6.00e-01,-4.40e-01,6.08e+00,-2.08e+00,
254,6.40e-01,-4.80e-01,6.72e+00,-2.72e+00,
255,6.00e-01,-4.40e-01,6.08e+00,-1.76e+00,
256,6.00e-01,-5.60e-01,6.72e+00,-2.40e+00,
257,6.80e-01,-4.40e-01,6.08e+00,-1.60e+00,
258,6.80e-01,-5.60e-01,6.72e+00,-1.92e+00,
259,6.00e-01,-4.40e-01,5.92e+00,-1.28e+00,
260,6.00e-01,-4.80e-01,6.56e+00,-1.92e+00,
261,6.80e-01,-5.60e-01,5.92e+00,-1.12e+00,
262,6.80e-01,-5.60e-01,5.92e+00,-1.76e+00,
263,6.40e-01,-4.40e-01,6.56e+00,-8.00e-01,
264,6.80e-01,-5.60e-01,6.40e+00,-1.44e+00,
265,6.40e-01,-4.40e-01,5.60e+00,-6.40e-01,
266,6.80e-01,-5.60e-01,6.24e+00,-1.28e+00,
267,6.40e-01,-4.40e-01,5.60e+00,-4.80e-01,
268,6.40e-01,-4.80e-01,6.24e+00,-9.60e-01,
269,7.20e-01,-5.60e-01,5.76e+00,-1.60e-01,
270,6.40e-01,-5.60e-01,6.24e+00,-8.00e-01,
271,7.60e-01,-4.40e-01,5.44e+00,0.00e+00,
272,7.60e-01,-5.60e-01,6.08e+00,-4.80e-01,
273,6.40e-01,-4.40e-01,5.44e+00,3.20e-01,
274,6.40e-01,-4.40e-01,5.44e+00,-3.20e-01,
275,7.60e-01,-5.60e-01,6.08e+00,3.20e-01,
276,6.40e-01,-4.80e-01,5.76e+00,0.00e+00,
277,7.60e-01,-4.40e-01,5.28e+00,4.80e-01,
278,7.60e-01,-4.80e-01,5.76e+00,1.60e-01,
279,6.40e-01,-4.40e-01,5.12e+00,8.00e-01,
280,7.20e-01,-4.80e-01,4.96e+00,3.20e-01,
281,7.60e-01,-4.40e-01,5.76e+00,9.60e-01,
282,7.20e-01,-4.80e-01,5.60e+00,6.40e-01,
283,7.60e-01,-4.40e-01,4.80e+00,1.28e+00,
284,7.20e-01,-4.80e-01,5.44e+00,8.00e-01,
285,7.60e-01,-4.80e-01,4.48e+00,1.44e+00,
286,7.20e-01,-4.80e-01,4.48e+00,9.60e-01,
287,7.60e-01,-4.40e-01,5.28e+00,1.76e+00,
288,7.20e-01,-4.80e-01,5.12e+00,1.28e+00,
289,7.60e-01,-4.40e-01,4.32e+00,1.92e+00,
290,7.20e-01,-4.80e-01,4.32e+00,1.44e+00,
291,7.60e-01,-4.00e-01,4.96e+00,2.24e+00,
292,7.60e-01,-4.80e-01,4.96e+00,1.60e+00,
293,6.40e-01,-4.00e-01,4.00e+00,2.40e+00,
294,7.60e-01,-4.80e-01,4.64e+00,1.76e+00,
295,6.40e-01,-4.00e-01,3.84e+00,2.72e+00,
296,7.60e-01,-4.00e-01,4.32e+00,2.08e+00,
297,6.40e-01,-4.80e-01,3.52e+00,2.88e+00,
298,6.40e-01,-4.40e-01,4.16e+00,2.24e+00,
299,7.60e-01,-4.00e-01,3.36e+00,3.20e+00,
300,7.20e-01,-4.40e-01,4.00e+00,2.56e+00,
301,6.40e-01,-4.00e-01,3.36e+00,3.36e+00,
302,6.80e-01,-4.40e-01,4.00e+00,2.72e+00,
303,6.40e-01,-4.00e-01,3.04e+00,3.68e+00,
304,6.40e-01,-4.40e-01,3.68e+00,3.04e+00,
305,6.80e-01,-3.60e-01,2.88e+00,3.68e+00,
306,6.80e-01,-3.60e-01,3.52e+00,3.84e+00,
307,6.40e-01,-4.40e-01,2.72e+00,3.20e+00,
308,6.80e-01,-4.00e-01,3.20e+00,3.52e+00,
309,6.00e-01,-3.60e-01,2.40e+00,4.16e+00,
310,6.80e-01,-4.00e-01,3.04e+00,3.68e+00,
311,6.00e-01,-3.60e-01,2.24e+00,4.32e+00,
312,6.80e-01,-4.00e-01,2.72e+00,4.00e+00,
313,6.00e-01,-3.20e-01,2.08e+00,4.64e+00,
314,6.40e-01,-3.20e-01,1.92e+00,4.16e+00,
315,6.00e-01,-4.00e-01,2.72e+00,4.80e+00,
316,6.00e-01,-4.00e-01,2.24e+00,4.16e+00,
317,6.40e-01,-3.20e-01,1.76e+00,4.96e+00,
318,6.40e-01,-3.20e-01,2.24e+00,4.48e+00,
319,5.60e-01,-3.60e-01,1.44e+00,5.28e+00,
320,6.40e-01,-3.60e-01,1.28e+00,5.28e+00,
321,5.60e-01,-2.80e-01,1.92e+00,4.64e+00,
322,5.60e-01,-3.60e-01,1.76e+00,5.44e+00,
323,6.00e-01,-2.80e-01,9.60e-01,4.80e+00,
324,6.00e-01,-3.60e-01,1.60e+00,5.12e+00,
325,5.20e-01,-2.80e-01,8.00e-01,5.76e+00,
326,5.20e-01,-2.80e-01,1.28e+00,5.12e+00,
327,6.00e-01,-3.20e-01,4.80e-01,5.76e+00,
328,6.00e-01,-3.20e-01,1.12e+00,5.44e+00,
329,5.20e-01,-2.00e-01,3.20e-01,5.92e+00,
330,5.60e-01,-2.00e-01,9.60e-01,5.28e+00,
331,4.80e-01,-3.20e-01,0.00e+00,5.92e+00,
332,4.80e-01,-2.80e-01,6.40e-01,5.60e+00,
333,5.60e-01,-2.00e-01,0.00e+00,6.24e+00,
334,4.80e-01,-2.00e-01,-1.60e-01,5.76e+00,
335,5.60e-01,-2.40e-01,4.80e-01,6.40e+00,
336,4.80e-01,-2.40e-01,3.20e-01,5.76e+00,
337,4.00e-01,-1.60e-01,-4.80e-01,6.56e+00,
338,4.00e-01,-1.60e-01,1.60e-01,6.08e+00,
339,5.20e-01,-2.40e-01,-6.40e-01,6.72e+00,
340,4.40e-01,-2.00e-01,0.00e+00,6.72e+00,
341,4.00e-01,-1.60e-01,-9.60e-01,6.08e+00,
342,4.40e-01,-2.00e-01,-1.60e-01,6.88e+00,
343,3.60e-01,-1.20e-01,-1.12e+00,6.24e+00,
344,4.40e-01,-2.00e-01,-4.80e-01,6.24e+00,
345,3.60e-01,-1.20e-01,-1.12e+00,7.04e+00,
346,4.00e-01,-1.60e-01,-4.80e-01,6.40e+00,
347,3.60e-01,-1.20e-01,-1.44e+00,7.20e+00,
348,4.00e-01,-1.60e-01,-8.00e-01,6.56e+00,
349,3.20e-01,-8.00e-02,-1.60e+00,7.20e+00,
350,4.00e-01,-8.00e-02,-9.60e-01,7.20e+00,
351,3.20e-01,-1.60e-01,-1.92e+00,6.56e+00,
352,3.60e-01,-8.00e-02,-1.28e+00,6.72e+00,
353,2.80e-01,-1.60e-01,-1.92e+00,7.36e+00,
354,2.80e-01,-8.00e-02,-2.08e+00,7.36e+00,
355,3.60e-01,-1.20e-01,-1.44e+00,6.72e+00,
356,2.80e-01,-1.20e-01,-1.44e+00,6.72e+00,
357,3.20e-01,-4.00e-02,-2.40e+00,7.52e+00,
358,3.20e-01,-1.20e-01,-1.76e+00,7.04e+00,
359,2.40e-01,-4.00e-02,-2.56e+00,7.36e+00,
360,2.40e-01,-4.00e-02,-1.92e+00,7.68e+00,
361,2.00e-01,-8.00e-02,-2.72e+00,6.88e+00,
362,2.40e-01,-8.00e-02,-1.92e+00,7.04e+00,
363,1.60e-01,4.00e-02,-2.88e+00,7.68e+00,
364,2.40e-01,4.00e-02,-2.24e+00,7.04e+00,
365,1.60e-01,-8.00e-02,-3.04e+00,7.68e+00,
366,2.00e-01,0.00e+00,-2.40e+00,7.04e+00,
367,1.20e-01,4.00e-02,-3.20e+00,7.68e+00,
368,2.00e-01,0.00e+00,-2.72e+00,7.20e+00,
369,1.20e-01,8.00e-02,-3.52e+00,7.84e+00,
370,1.60e-01,0.00e+00,-2.88e+00,7.20e+00,
371,8.00e-02,8.00e-02,-3.68e+00,7.84e+00,
372,1.60e-01,8.00e-02,-3.68e+00,7.84e+00,
373,8.00e-02,4.00e-02,-3.04e+00,7.04e+00,
374,1.20e-01,4.00e-02,-3.20e+00,7.84e+00,
375,4.00e-02,1.20e-01,-4.00e+00,7.04e+00,
376,4.00e-02,4.00e-02,-3.36e+00,7.68e+00,
377,1.20e-01,1.20e-01,-4.16e+00,7.20e+00,
378,8.00e-02,1.20e-01,-4.16e+00,7.84e+00,
379,-4.00e-02,8.00e-02,-3.52e+00,7.04e+00,
380,8.00e-02,1.20e-01,-3.84e+00,7.68e+00,
381,-4.00e-02,8.00e-02,-4.48e+00,7.04e+00,
382,0.00e+00,8.00e-02,-3.84e+00,7.68e+00,
383,-4.00e-02,1.60e-01,-4.64e+00,7.04e+00,
384,0.00e+00,1.60e-01,-4.00e+00,7.68e+00,
385,-8.00e-02,1.20e-01,-4.96e+00,7.04e+00,
386,-8.00e-02,1.60e-01,-4.96e+00,7.68e+00,
387,-4.00e-02,1.20e-01,-4.32e+00,7.04e+00,
388,-4.00e-02,1.20e-01,-4.32e+00,7.04e+00,
389,-1.20e-01,2.00e-01,-5.12e+00,7.68e+00,
390,-1.20e-01,1.20e-01,-4.48e+00,7.04e+00,
391,-8.00e-02,2.00e-01,-5.12e+00,7.68e+00,
392,-8.00e-02,2.00e-01,-4.48e+00,7.36e+00,
393,-1.60e-01,2.00e-01,-5.28e+00,6.72e+00,
394,-8.00e-02,1.60e-01,-4.80e+00,7.36e+00,
395,-1.60e-01,2.80e-01,-5.44e+00,6.72e+00,
396,-1.20e-01,2.80e-01,-4.80e+00,6.72e+00,
397,-2.00e-01,1.60e-01,-5.60e+00,7.36e+00,
398,-2.00e-01,2.40e-01,-5.60e+00,6.72e+00,
399,-1.20e-01,2.80e-01,-4.80e+00,7.36e+00,
400,-1.60e-01,2.80e-01,-4.96e+00,7.20e+00,
401,-2.80e-01,2.40e-01,-5.92e+00,6.56e+00,
402,-1.60e-01,2.40e-01,-5.92e+00,6.56e+00,
403,-2.80e-01,3.20e-01,-5.28e+00,7.20e+00,
404,-2.40e-01,2.40e-01,-5.28e+00,7.20e+00,
405,-3.20e-01,3.20e-01,-6.08e+00,6.24e+00,
406,-3.20e-01,2.80e-01,-6.08e+00,6.88e+00,
407,-2.40e-01,3.20e-01,-5.44e+00,6.24e+00,
408,-2.80e-01,2.80e-01,-5.44e+00,6.88e+00,
409,-3.20e-01,3.20e-01,-6.24e+00,6.24e+00,
410,-2.80e-01,2.80e-01,-5.44e+00,6.72e+00,
411,-3.60e-01,3.60e-01,-6.40e+00,6.08e+00,
412,-3.20e-01,2.80e-01,-5.76e+00,6.72e+00,
413,-3.60e-01,3.60e-01,-6.40e+00,5.92e+00,
414,-3.20e-01,3.60e-01,-5.76e+00,6.40e+00,
415,-4.00e-01,3.20e-01,-6.40e+00,5.76e+00,
416,-3.20e-01,3.60e-01,-5.76e+00,6.40e+00,
417,-4.00e-01,3.20e-01,-6.56e+00,5.60e+00,
418,-3.60e-01,3.20e-01,-5.76e+00,6.24e+00,
419,-4.40e-01,4.00e-01,-6.56e+00,5.60e+00,
420,-4.40e-01,3.20e-01,-5.92e+00,5.92e+00,
421,-3.60e-01,4.00e-01,-6.56e+00,5.28e+00,
422,-4.40e-01,4.00e-01,-5.92e+00,5.92e+00,
423,-4.00e-01,3.60e-01,-6.72e+00,5.28e+00,
424,-4.00e-01,4.00e-01,-5.92e+00,5.76e+00,
425,-5.20e-01,3.60e-01,-6.72e+00,5.12e+00,
426,-5.20e-01,4.00e-01,-6.56e+00,5.76e+00,
427,-4.00e-01,3.60e-01,-5.92e+00,4.96e+00,
428,-4.80e-01,3.60e-01,-6.56e+00,5.44e+00,
429,-5.60e-01,4.80e-01,-5.92e+00,4.64e+00,
430,-4.80e-01,3.60e-01,-5.92e+00,5.28e+00,
431,-5.60e-01,4.80e-01,-6.72e+00,4.64e+00,
432,-4.80e-01,4.80e-01,-6.24e+00,4.96e+00,
433,-5.60e-01,4.00e-01,-6.88e+00,4.48e+00,
434,-5.20e-01,4.40e-01,-6.08e+00,4.80e+00,
435,-6.00e-01,4.80e-01,-6.88e+00,4.16e+00,
436,-5.20e-01,4.40e-01,-6.24e+00,4.80e+00,
437,-6.00e-01,4.80e-01,-6.88e+00,4.00e+00,
438,-5.60e-01,4.40e-01,-6.24e+00,4.64e+00,
439,-6.00e-01,4.80e-01,-6.88e+00,3.68e+00,
440,-6.00e-01,4.40e-01,-6.24e+00,4.32e+00,
441,-5.60e-01,5.20e-01,-6.72e+00,3.52e+00,
442,-5.60e-01,4.40e-01,-6.88e+00,4.16e+00,
443,-6.40e-01,5.20e-01,-5.92e+00,3.20e+00,
444,-6.40e-01,4.40e-01,-5.92e+00,3.84e+00,
445,-5.60e-01,5.20e-01,-6.72e+00,3.20e+00,
446,-6.40e-01,4.40e-01,-6.56e+00,3.68e+00,
447,-6.00e-01,5.20e-01,-5.92e+00,2.72e+00,
448,-6.00e-01,5.20e-01,-6.56e+00,3.36e+00,
449,-6.80e-01,4.80e-01,-5.92e+00,2.56e+00,
450,-6.80e-01,4.80e-01,-5.92e+00,3.20e+00,
451,-6.00e-01,5.20e-01,-6.56e+00,2.24e+00,
452,-6.80e-01,5.20e-01,-5.92e+00,2.88e+00,
453,-6.00e-01,4.80e-01,-6.56e+00,2.08e+00,
454,-6.80e-01,5.20e-01,-6.56e+00,2.72e+00,
455,-6.40e-01,4.80e-01,-5.76e+00,1.76e+00,
456,-6.80e-01,4.80e-01,-5.76e+00,2.40e+00,
457,-6.40e-01,5.20e-01,-6.56e+00,1.60e+00,
458,-6.40e-01,4.80e-01,-6.40e+00,2.24e+00,
459,-7.60e-01,5.20e-01,-5.76e+00,1.44e+00,
460,-6.80e-01,5.20e-01,-6.24e+00,1.92e+00,
461,-7.60e-01,4.80e-01,-5.44e+00,1.28e+00,
462,-6.40e-01,5.20e-01,-6.08e+00,1.76e+00,
463,-7.60e-01,4.80e-01,-5.44e+00,1.12e+00,
464,-7.20e-01,5.20e-01,-6.08e+00,1.44e+00,
465,-7.60e-01,4.80e-01,-5.28e+00,6.40e-01,
466,-7.20e-01,4.80e-01,-5.28e+00,1.28e+00,
467,-7.60e-01,5.20e-01,-5.92e+00,4.80e-01,
468,-7.20e-01,4.80e-01,-5.28e+00,9.60e-01,
469,-7.60e-01,5.20e-01,-5.92e+00,3.20e-01,
470,-7.20e-01,4.80e-01,-5.92e+00,8.00e-01,
471,-7.60e-01,5.20e-01,-5.12e+00,1.60e-01,
472,-7.20e-01,4.80e-01,-4.96e+00,4.80e-01,
473,-7.60e-01,5.20e-01,-5.76e+00,-1.60e-01,
474,-7.20e-01,4.80e-01,-4.96e+00,3.20e-01,
475,-8.00e-01,5.20e-01,-5.60e+00,-3.20e-01,
476,-7.20e-01,4.80e-01,-5.60e+00,0.00e+00,
477,-8.00e-01,5.20e-01,-4.80e+00,-4.80e-01,
478,-7.20e-01,4.80e-01,-4.80e+00,0.00e+00,
479,-8.00e-01,5.20e-01,-5.44e+00,-8.00e-01,
480,-7.20e-01,4.80e-01,-5.28e+00,-1.60e-01,
481,-8.00e-01,5.20e-01,-4.48e+00,-9.60e-01,
482,-7.20e-01,5.20e-01,-5.12e+00,-4.80e-01,
483,-7.60e-01,4.80e-01,-4.32e+00,-1.28e+00,
484,-7.60e-01,4.80e-01,-4.32e+00,-6.40e-01,
485,-7.20e-01,5.20e-01,-5.12e+00,-1.44e+00,
486,-7.20e-01,4.40e-01,-4.96e+00,-9.60e-01,
487,-7.60e-01,5.20e-01,-4.16e+00,-1.60e+00,
488,-7.20e-01,4.40e-01,-4.64e+00,-1.12e+00,
489,-7.60e-01,5.20e-01,-4.00e+00,-1.92e+00,
490,-7.20e-01,4.40e-01,-4.64e+00,-1.28e+00,
491,-7.60e-01,5.20e-01,-3.84e+00,-2.08e+00,
492,-7.20e-01,4.40e-01,-4.48e+00,-1.60e+00,
493,-8.00e-01,4.80e-01,-3.52e+00,-2.24e+00,
494,-8.00e-01,4.40e-01,-4.16e+00,-1.76e+00,
495,-7.20e-01,4.80e-01,-3.36e+00,-2.40e+00,
496,-8.00e-01,4.40e-01,-4.00e+00,-2.08e+00,
497,-7.20e-01,4.80e-01,-3.36e+00,-2.72e+00,
498,-7.60e-01,4.40e-01,-3.68e+00,-2.88e+00,
499,-7.20e-01,4.80e-01,-3.04e+00,-2.24e+00,
500,-7.20e-01,4.80e-01,-3.68e+00,-2.56e+00,
501,-7.60e-01,3.60e-01,-2.88e+00,-3.20e+00,
502,-7.20e-01,4.80e-01,-3.52e+00,-2.72e+00,
503,-7.60e-01,3.60e-01,-2.72e+00,-3.36e+00,
504,-7.20e-01,3.60e-01,-3.20e+00,-3.04e+00,
505,-7.60e-01,4.40e-01,-2.40e+00,-3.68e+00,
506,-7.60e-01,4.00e-01,-3.04e+00,-3.20e+00,
507,-6.80e-01,3.60e-01,-2.24e+00,-3.84e+00,
508,-7.60e-01,4.00e-01,-2.88e+00,-3.20e+00,
509,-6.40e-01,3.60e-01,-2.24e+00,-4.16e+00,
510,-7.60e-01,4.00e-01,-2.72e+00,-3.52e+00,
511,-6.40e-01,3.20e-01,-1.92e+00,-4.32e+00,
512,-6.80e-01,3.20e-01,-2.56e+00,-3.68e+00,
513,-6.40e-01,4.00e-01,-1.76e+00,-4.48e+00,
514,-6.80e-01,3.20e-01,-2.24e+00,-4.00e+00,
515,-6.40e-01,4.00e-01,-1.44e+00,-4.80e+00,
516,-6.80e-01,3.60e-01,-2.08e+00,-4.16e+00,
517,-6.00e-01,3.20e-01,-1.28e+00,-4.96e+00,
518,-6.80e-01,3.60e-01,-1.92e+00,-4.48e+00,
519,-6.00e-01,2.80e-01,-9.60e-01,-5.12e+00,
520,-6.40e-01,3.60e-01,-1.60e+00,-4.64e+00,
521,-6.00e-01,2.80e-01,-8.00e-01,-5.28e+00,
522,-6.40e-01,3.60e-01,-1.44e+00,-4.64e+00,
523,-6.00e-01,2.80e-01,-4.80e-01,-5.44e+00,
524,-6.40e-01,2.80e-01,-1.12e+00,-4.96e+00,
525,-5.60e-01,3.20e-01,-3.20e-01,-5.44e+00,
526,-6.40e-01,3.20e-01,-1.12e+00,-5.12e+00,
527,-5.60e-01,2.40e-01,-3.20e-01,-5.76e+00,
528,-5.60e-01,3.20e-01,-9.60e-01,-5.76e+00,
529,-6.00e-01,2.40e-01,0.00e+00,-5.12e+00,
530,-6.00e-01,2.40e-01,1.60e-01,-5.92e+00,
531,-5.20e-01,3.20e-01,-6.40e-01,-5.28e+00,
532,-5.20e-01,2.40e-01,-4.80e-01,-5.60e+00,
533,-6.00e-01,2.80e-01,4.80e-01,-6.24e+00,
534,-5.20e-01,2.80e-01,-1.60e-01,-5.60e+00,
535,-5.60e-01,2.00e-01,6.40e-01,-6.40e+00,
536,-5.60e-01,2.00e-01,0.00e+00,-5.76e+00,
537,-4.80e-01,2.80e-01,9.60e-01,-6.40e+00,
538,-5.60e-01,2.00e-01,9.60e-01,-5.92e+00,
539,-4.80e-01,1.60e-01,1.60e-01,-6.72e+00,
540,-5.20e-01,2.00e-01,4.80e-01,-6.08e+00,
541,-4.40e-01,1.60e-01,1.12e+00,-6.72e+00,
542,-5.20e-01,2.00e-01,6.40e-01,-6.08e+00,
543,-4.00e-01,1.20e-01,1.28e+00,-6.88e+00,
544,-4.40e-01,1.60e-01,8.00e-01,-6.24e+00,
545,-4.00e-01,1.20e-01,1.60e+00,-6.88e+00,
546,-4.40e-01,1.20e-01,9.60e-01,-6.88e+00,
547,-3.60e-01,1.60e-01,1.76e+00,-6.24e+00,
548,-3.60e-01,1.60e-01,1.76e+00,-7.20e+00,
549,-4.40e-01,8.00e-02,1.28e+00,-6.40e+00,
550,-4.00e-01,1.60e-01,1.44e+00,-6.56e+00,
551,-3.60e-01,8.00e-02,2.08e+00,-7.20e+00,
552,-4.00e-01,1.20e-01,1.44e+00,-6.56e+00,
553,-3.20e-01,8.00e-02,2.24e+00,-7.20e+00,
554,-3.60e-01,1.20e-01,1.60e+00,-6.72e+00,
555,-3.20e-01,4.00e-02,2.56e+00,-7.36e+00,
556,-3.60e-01,4.00e-02,1.92e+00,-6.72e+00,
557,-2.80e-01,1.20e-01,2.72e+00,-7.36e+00,
558,-2.80e-01,4.00e-02,2.72e+00,-7.36e+00,
559,-3.60e-01,8.00e-02,2.08e+00,-6.72e+00,
560,-3.20e-01,8.00e-02,2.40e+00,-7.36e+00,
561,-2.40e-01,0.00e+00,3.04e+00,-6.72e+00,
562,-2.40e-01,0.00e+00,2.40e+00,-7.36e+00,
563,-3.20e-01,8.00e-02,3.20e+00,-6.88e+00,
564,-2.80e-01,0.00e+00,2.56e+00,-7.04e+00,
565,-2.00e-01,4.00e-02,3.52e+00,-7.52e+00,
566,-2.80e-01,4.00e-02,2.88e+00,-7.04e+00,
567,-1.60e-01,-4.00e-02,3.68e+00,-7.68e+00,
568,-1.60e-01,4.00e-02,3.04e+00,-7.04e+00,
569,-2.00e-01,-8.00e-02,3.84e+00,-7.68e+00,
570,-2.00e-01,-4.00e-02,3.20e+00,-7.04e+00,
571,-1.20e-01,-8.00e-02,4.16e+00,-7.68e+00,
572,-1.20e-01,-4.00e-02,4.16e+00,-7.68e+00,
573,-1.60e-01,-1.20e-01,3.36e+00,-7.04e+00,
574,-1.60e-01,-1.20e-01,3.52e+00,-7.68e+00,
575,-8.00e-02,-4.00e-02,4.48e+00,-7.04e+00,
576,-8.00e-02,-1.20e-01,3.84e+00,-7.68e+00,
577,-1.60e-01,-8.00e-02,4.48e+00,-7.04e+00,
578,-1.20e-01,-8.00e-02,4.00e+00,-7.04e+00,
579,-4.00e-02,-1.20e-01,4.64e+00,-7.68e+00,
580,-4.00e-02,-8.00e-02,4.00e+00,-7.68e+00,
581,-1.20e-01,-1.60e-01,4.96e+00,-7.04e+00,
582,-8.00e-02,-1.60e-01,4.32e+00,-7.68e+00,
583,0.00e+00,-8.00e-02,5.12e+00,-7.04e+00,
584,0.00e+00,-1.60e-01,4.48e+00,-7.68e+00,
585,-8.00e-02,-1.20e-01,5.12e+00,-7.04e+00,
586,-4.00e-02,-1.20e-01,4.48e+00,-7.04e+00,
587,8.00e-02,-2.00e-01,5.44e+00,-7.68e+00,
588,8.00e-02,-2.00e-01,4.80e+00,-7.04e+00,
589,-4.00e-02,-1.20e-01,5.60e+00,-7.52e+00,
590,4.00e-02,-2.00e-01,5.60e+00,-7.36e+00,
591,1.20e-01,-1.60e-01,4.80e+00,-6.88e+00,
592,4.00e-02,-1.60e-01,4.96e+00,-7.36e+00,
593,1.20e-01,-2.40e-01,5.76e+00,-6.72e+00,
594,8.00e-02,-2.40e-01,5.76e+00,-7.36e+00,
595,1.60e-01,-1.60e-01,5.12e+00,-6.56e+00,
596,1.60e-01,-2.40e-01,5.76e+00,-7.20e+00,
597,8.00e-02,-2.00e-01,5.28e+00,-6.56e+00,
598,1.60e-01,-2.40e-01,5.28e+00,-7.20e+00,
599,1.20e-01,-2.00e-01,6.08e+00,-6.56e+00,
600,2.00e-01,-3.20e-01,6.08e+00,-6.56e+00,
601,1.20e-01,-2.00e-01,5.44e+00,-7.20e+00,
602,2.00e-01,-2.00e-01,6.24e+00,-6.88e+00,
603,1.60e-01,-3.20e-01,5.44e+00,-6.24e+00,
604,1.60e-01,-2.80e-01,5.76e+00,-6.88e+00,
605,2.40e-01,-3.20e-01,6.40e+00,-6.24e+00,
606,2.40e-01,-2.80e-01,5.76e+00,-6.24e+00,
607,1.60e-01,-3.60e-01,6.56e+00,-6.88e+00,
608,2.00e-01,-2.80e-01,6.56e+00,-6.88e+00,
609,3.20e-01,-3.60e-01,5.92e+00,-6.08e+00,
610,2.40e-01,-3.60e-01,5.92e+00,-6.72e+00,
611,3.20e-01,-2.80e-01,6.56e+00,-6.08e+00,
612,2.80e-01,-3.20e-01,5.92e+00,-6.40e+00,
613,3.60e-01,-3.60e-01,6.72e+00,-5.76e+00,
614,3.60e-01,-3.20e-01,6.72e+00,-6.40e+00,
615,2.80e-01,-4.00e-01,6.08e+00,-5.60e+00,
616,3.60e-01,-3.20e-01,6.72e+00,-6.24e+00,
617,3.20e-01,-4.00e-01,6.08e+00,-5.60e+00,
618,3.20e-01,-4.00e-01,6.08e+00,-6.08e+00,
619,4.00e-01,-3.20e-01,6.88e+00,-5.44e+00,
620,4.00e-01,-3.60e-01,6.24e+00,-5.92e+00,
621,3.60e-01,-4.00e-01,7.04e+00,-5.28e+00,
622,3.60e-01,-3.60e-01,6.40e+00,-5.76e+00,
623,4.40e-01,-4.00e-01,7.04e+00,-5.12e+00,
624,4.40e-01,-3.60e-01,6.40e+00,-5.76e+00,
625,3.60e-01,-4.40e-01,7.04e+00,-4.96e+00,
626,4.40e-01,-4.40e-01,6.40e+00,-5.44e+00,
627,4.00e-01,-3.60e-01,7.04e+00,-4.96e+00,
628,4.00e-01,-4.40e-01,6.40e+00,-5.28e+00,
629,5.20e-01,-3.60e-01,7.04e+00,-4.64e+00,
630,4.00e-01,-4.40e-01,7.04e+00,-5.12e+00,
631,5.20e-01,-4.00e-01,6.40e+00,-4.48e+00,
632,4.80e-01,-4.40e-01,7.04e+00,-4.96e+00,
633,5.20e-01,-4.00e-01,6.40e+00,-4.16e+00,
634,4.80e-01,-4.40e-01,6.40e+00,-4.80e+00,
635,5.60e-01,-4.00e-01,7.20e+00,-4.00e+00,
636,4.80e-01,-4.00e-01,7.20e+00,-4.00e+00,
637,5.60e-01,-4.80e-01,6.56e+00,-4.64e+00,
638,5.20e-01,-4.80e-01,7.20e+00,-4.32e+00,
639,5.60e-01,-4.00e-01,6.40e+00,-3.68e+00,
640,5.20e-01,-4.80e-01,6.40e+00,-4.16e+00,
641,6.00e-01,-4.00e-01,7.20e+00,-3.52e+00,
642,6.00e-01,-4.80e-01,7.04e+00,-3.84e+00,
643,5.20e-01,-4.40e-01,6.40e+00,-3.20e+00,
644,5.60e-01,-4.80e-01,6.40e+00,-3.84e+00,
645,6.00e-01,-4.40e-01,7.04e+00,-3.04e+00,
646,6.00e-01,-4.80e-01,6.40e+00,-3.52e+00,
647,5.60e-01,-4.80e-01,7.04e+00,-2.72e+00,
648,5.60e-01,-4.80e-01,6.40e+00,-3.20e+00,
649,6.40e-01,-4.40e-01,7.04e+00,-2.56e+00,
650,5.60e-01,-4.80e-01,7.04e+00,-3.04e+00,
651,6.40e-01,-4.40e-01,6.08e+00,-2.24e+00,
652,6.40e-01,-4.80e-01,7.04e+00,-2.72e+00,
653,6.00e-01,-4.40e-01,6.08e+00,-2.08e+00,
654,6.40e-01,-4.80e-01,6.72e+00,-2.72e+00,
655,6.00e-01,-4.40e-01,6.08e+00,-1.76e+00,
656,6.00e-01,-4.80e-01,6.72e+00,-2.24e+00,
657,6.80e-01,-5.60e-01,6.08e+00,-1.60e+00,
658,6.80e-01,-5.60e-01,6.72e+00,-2.08e+00,
659,6.00e-01,-4.40e-01,5.92e+00,-1.28e+00,
660,6.80e-01,-5.60e-01,6.56e+00,-1.92e+00,
661,6.00e-01,-4.40e-01,5.92e+00,-1.12e+00,
662,6.40e-01,-4.80e-01,6.56e+00,-1.76e+00,
663,6.80e-01,-5.60e-01,5.92e+00,-8.00e-01,
664,6.80e-01,-5.60e-01,6.56e+00,-1.44e+00,
665,6.40e-01,-4.40e-01,5.76e+00,-6.40e-01,
666,6.80e-01,-5.60e-01,6.24e+00,-1.28e+00,
667,6.40e-01,-4.40e-01,5.76e+00,-4.80e-01,
668,6.40e-01,-4.80e-01,6.24e+00,-9.60e-01,
669,7.20e-01,-5.60e-01,5.44e+00,-1.60e-01,
670,6.40e-01,-5.60e-01,6.24e+00,-8.00e-01,
671,7.60e-01,-4.40e-01,5.44e+00,0.00e+00,
672,6.40e-01,-5.60e-01,6.08e+00,-4.80e-01,
673,7.60e-01,-4.40e-01,5.44e+00,1.60e-01,
674,6.40e-01,-5.20e-01,6.08e+00,-3.20e-01,
675,7.60e-01,-4.40e-01,5.28e+00,4.80e-01,
676,6.40e-01,-4.80e-01,5.28e+00,0.00e+00,
677,7.60e-01,-4.40e-01,5.92e+00,4.80e-01,
678,7.60e-01,-4.80e-01,5.76e+00,1.60e-01,
679,6.40e-01,-4.40e-01,4.96e+00,8.00e-01,
680,7.60e-01,-4.80e-01,5.60e+00,9.60e-01,
681,6.40e-01,-4.80e-01,4.96e+00,3.20e-01,
682,7.20e-01,-4.80e-01,5.60e+00,6.40e-01,
683,7.60e-01,-4.40e-01,4.80e+00,1.28e+00,
684,7.20e-01,-4.80e-01,5.44e+00,8.00e-01,
685,7.60e-01,-4.40e-01,4.48e+00,1.44e+00,
686,7.20e-01,-4.80e-01,5.28e+00,9.60e-01,
687,7.60e-01,-4.40e-01,4.48e+00,1.76e+00,
688,7.20e-01,-4.80e-01,5.12e+00,1.12e+00,
689,7.60e-01,-4.40e-01,4.32e+00,1.92e+00,
690,7.20e-01,-4.80e-01,4.32e+00,1.44e+00,
691,7.60e-01,-4.00e-01,4.96e+00,2.24e+00,
692,7.60e-01,-4.80e-01,4.96e+00,1.60e+00,
693,6.40e-01,-4.00e-01,4.00e+00,2.40e+00,
694,7.60e-01,-4.80e-01,4.64e+00,1.76e+00,
695,6.40e-01,-4.00e-01,3.84e+00,2.72e+00,
696,6.40e-01,-4.40e-01,4.48e+00,2.08e+00,
697,7.60e-01,-4.00e-01,3.52e+00,2.88e+00,
698,6.40e-01,-4.40e-01,3.52e+00,2.24e+00,
699,7.60e-01,-4.00e-01,4.16e+00,3.20e+00,
700,6.40e-01,-4.40e-01,4.16e+00,2.56e+00,
701,7.60e-01,-4.00e-01,3.36e+00,3.36e+00,
702,6.80e-01,-4.40e-01,4.00e+00,2.72e+00,
703,6.40e-01,-3.60e-01,3.04e+00,3.68e+00,
704,6.80e-01,-4.40e-01,3.68e+00,3.04e+00,
705,6.40e-01,-3.60e-01,2.88e+00,3.84e+00,
706,6.80e-01,-4.40e-01,3.52e+00,3.20e+00,
707,6.40e-01,-3.60e-01,2.56e+00,4.00e+00,
708,6.80e-01,-3.60e-01,3.20e+00,3.52e+00,
709,6.00e-01,-4.00e-01,2.40e+00,4.16e+00,
710,6.00e-01,-4.00e-01,3.04e+00,3.68e+00,
711,6.80e-01,-3.60e-01,2.08e+00,4.32e+00,
712,6.80e-01,-4.00e-01,2.08e+00,4.00e+00,
713,6.00e-01,-3.20e-01,2.88e+00,4.48e+00,
714,6.40e-01,-4.00e-01,2.72e+00,4.00e+00,
715,6.00e-01,-3.20e-01,1.92e+00,4.80e+00,
716,6.40e-01,-4.00e-01,2.24e+00,4.16e+00,
717,6.00e-01,-3.20e-01,1.60e+00,4.96e+00,
718,6.40e-01,-3.20e-01,2.24e+00,4.48e+00,
719,5.60e-01,-3.60e-01,1.28e+00,5.28e+00,
720,5.60e-01,-3.60e-01,1.76e+00,4.64e+00,
721,6.40e-01,-2.80e-01,1.12e+00,5.44e+00,
722,6.00e-01,-3.60e-01,1.76e+00,4.96e+00,
723,5.60e-01,-2.80e-01,8.00e-01,5.44e+00,
724,6.00e-01,-2.80e-01,1.60e+00,4.96e+00,
725,5.20e-01,-3.60e-01,8.00e-01,5.76e+00,
726,5.20e-01,-2.80e-01,1.28e+00,5.76e+00,
727,6.00e-01,-3.20e-01,4.80e-01,5.12e+00,
728,5.60e-01,-3.20e-01,1.12e+00,5.28e+00,
729,5.20e-01,-2.00e-01,3.20e-01,5.92e+00,
730,5.60e-01,-3.20e-01,9.60e-01,5.92e+00,
731,4.80e-01,-2.00e-01,0.00e+00,5.28e+00,
732,5.60e-01,-2.00e-01,6.40e-01,5.60e+00,
733,4.80e-01,-2.80e-01,0.00e+00,6.24e+00,
734,5.60e-01,-2.40e-01,-1.60e-01,5.60e+00,
735,4.80e-01,-2.00e-01,4.80e-01,6.40e+00,
736,5.20e-01,-2.40e-01,1.60e-01,5.76e+00,
737,4.40e-01,-1.60e-01,-4.80e-01,6.72e+00,
738,4.00e-01,-2.40e-01,1.60e-01,6.72e+00,
739,5.20e-01,-1.60e-01,-6.40e-01,5.92e+00,
740,4.00e-01,-2.00e-01,0.00e+00,6.72e+00,
741,4.40e-01,-1.60e-01,-9.60e-01,6.24e+00,
742,4.40e-01,-2.00e-01,-3.20e-01,6.24e+00,
743,3.60e-01,-1.20e-01,-1.12e+00,6.88e+00,
744,4.40e-01,-1.20e-01,-3.20e-01,6.88e+00,
745,3.60e-01,-2.00e-01,-1.12e+00,6.24e+00,
746,4.00e-01,-1.20e-01,-4.80e-01,6.56e+00,
747,3.60e-01,-1.60e-01,-1.44e+00,7.20e+00,
748,4.00e-01,-1.20e-01,-8.00e-01,6.56e+00,
749,3.20e-01,-1.60e-01,-1.60e+00,7.20e+00,
750,4.00e-01,-1.60e-01,-9.60e-01,7.20e+00,
751,3.20e-01,-8.00e-02,-1.76e+00,6.56e+00,
752,3.60e-01,-8.00e-02,-1.28e+00,6.72e+00,
753,2.80e-01,-1.20e-01,-1.92e+00,7.36e+00,
754,2.80e-01,-8.00e-02,-1.28e+00,6.72e+00,
755,3.60e-01,-1.20e-01,-2.08e+00,7.36e+00,
756,3.20e-01,-1.20e-01,-1.44e+00,6.88e+00,
757,2.40e-01,-4.00e-02,-2.24e+00,7.36e+00,
758,3.20e-01,-4.00e-02,-1.76e+00,6.88e+00,
759,2.40e-01,-1.20e-01,-2.56e+00,7.68e+00,
760,2.40e-01,-4.00e-02,-1.92e+00,7.04e+00,
761,2.00e-01,-8.00e-02,-2.72e+00,7.68e+00,
762,2.40e-01,-8.00e-02,-2.24e+00,7.04e+00,
763,1.60e-01,4.00e-02,-2.88e+00,7.68e+00,
764,2.40e-01,-8.00e-02,-2.24e+00,7.04e+00,
765,1.60e-01,4.00e-02,-3.04e+00,7.68e+00,
766,2.00e-01,0.00e+00,-2.40e+00,7.68e+00,
767,1.20e-01,4.00e-02,-3.20e+00,7.04e+00,
768,1.20e-01,0.00e+00,-2.72e+00,7.20e+00,
769,2.00e-01,8.00e-02,-3.52e+00,7.84e+00,
770,1.60e-01,0.00e+00,-2.88e+00,7.20e+00,
771,8.00e-02,8.00e-02,-3.68e+00,7.84e+00,
772,8.00e-02,4.00e-02,-3.04e+00,7.20e+00,
773,1.60e-01,8.00e-02,-3.68e+00,7.84e+00,
774,1.20e-01,4.00e-02,-3.36e+00,7.20e+00,
775,4.00e-02,1.20e-01,-4.00e+00,7.68e+00,
776,4.00e-02,1.20e-01,-3.36e+00,7.68e+00,
777,1.20e-01,4.00e-02,-4.16e+00,7.20e+00,
778,8.00e-02,8.00e-02,-3.52e+00,7.68e+00,
779,0.00e+00,1.20e-01,-4.48e+00,7.04e+00,
780,8.00e-02,8.00e-02,-3.84e+00,7.04e+00,
781,-4.00e-02,1.60e-01,-4.48e+00,7.68e+00,
782,0.00e+00,8.00e-02,-3.84e+00,7.68e+00,
783,-4.00e-02,1.60e-01,-4.64e+00,7.04e+00,
784,0.00e+00,1.20e-01,-4.00e+00,7.04e+00,
785,-8.00e-02,1.60e-01,-4.96e+00,7.68e+00,
786,-4.00e-02,1.60e-01,-4.32e+00,7.04e+00,
787,-8.00e-02,1.20e-01,-4.96e+00,7.68e+00,
788,-4.00e-02,1.20e-01,-4.32e+00,7.04e+00,
789,-1.20e-01,2.00e-01,-5.12e+00,7.68e+00,
790,-1.20e-01,1.20e-01,-5.12e+00,7.04e+00,
791,-8.00e-02,2.00e-01,-4.48e+00,7.68e+00,
792,-8.00e-02,2.00e-01,-5.44e+00,7.36e+00,
793,-1.60e-01,1.60e-01,-4.64e+00,6.72e+00,
794,-1.20e-01,1.60e-01,-5.44e+00,7.36e+00,
795,-1.60e-01,2.80e-01,-4.80e+00,6.72e+00,
796,-1.20e-01,2.80e-01,-4.80e+00,7.36e+00,
797,-2.00e-01,2.00e-01,-5.60e+00,6.56e+00,
798,-1.20e-01,2.40e-01,-4.96e+00,7.20e+00,
799,-2.00e-01,2.80e-01,-5.60e+00,6.56e+00,
800,-1.60e-01,2.80e-01,-4.96e+00,7.20e+00,
801,-2.80e-01,2.40e-01,-5.92e+00,6.56e+00,
802,-1.60e-01,2.40e-01,-5.28e+00,6.56e+00,
803,-2.80e-01,3.20e-01,-5.92e+00,7.20e+00,
804,-2.40e-01,2.40e-01,-5.28e+00,7.04e+00,
805,-3.20e-01,3.20e-01,-6.08e+00,6.24e+00,
806,-2.40e-01,2.80e-01,-5.44e+00,6.88e+00,
807,-3.20e-01,3.20e-01,-6.08e+00,6.24e+00,
808,-2.80e-01,2.80e-01,-5.60e+00,6.88e+00,
809,-3.60e-01,3.20e-01,-6.40e+00,6.24e+00,
810,-2.80e-01,2.80e-01,-6.40e+00,6.72e+00,
811,-3.60e-01,3.60e-01,-5.60e+00,6.08e+00,
812,-3.20e-01,2.80e-01,-5.76e+00,6.72e+00,
813,-3.60e-01,3.60e-01,-6.40e+00,5.92e+00,
814,-3.20e-01,3.60e-01,-5.76e+00,6.40e+00,
815,-4.00e-01,3.20e-01,-6.40e+00,5.76e+00,
816,-3.20e-01,3.60e-01,-5.76e+00,6.40e+00,
817,-4.00e-01,3.20e-01,-6.56e+00,5.60e+00,
818,-3.60e-01,3.20e-01,-5.92e+00,5.60e+00,
819,-4.40e-01,4.00e-01,-6.56e+00,6.24e+00,
820,-4.40e-01,4.00e-01,-6.56e+00,5.92e+00,
821,-3.60e-01,3.20e-01,-5.92e+00,5.44e+00,
822,-4.40e-01,4.00e-01,-5.92e+00,5.92e+00,
823,-4.00e-01,3.60e-01,-6.56e+00,5.28e+00,
824,-4.00e-01,4.00e-01,-6.56e+00,5.76e+00,
825,-5.20e-01,3.60e-01,-5.92e+00,5.12e+00,
826,-4.00e-01,4.00e-01,-6.72e+00,5.44e+00,
827,-5.20e-01,3.60e-01,-5.92e+00,4.80e+00,
828,-4.80e-01,3.60e-01,-5.92e+00,5.44e+00,
829,-5.60e-01,4.80e-01,-6.72e+00,4.64e+00,
830,-5.60e-01,3.60e-01,-5.92e+00,5.28e+00,
831,-4.80e-01,4.80e-01,-6.72e+00,4.64e+00,
832,-5.60e-01,4.40e-01,-6.08e+00,4.96e+00,
833,-4.80e-01,4.80e-01,-6.72e+00,4.48e+00,
834,-5.20e-01,4.40e-01,-5.92e+00,4.96e+00,
835,-6.00e-01,4.80e-01,-6.88e+00,4.16e+00,
836,-5.20e-01,4.40e-01,-6.24e+00,4.80e+00,
837,-6.00e-01,4.80e-01,-6.88e+00,4.00e+00,
838,-6.00e-01,4.40e-01,-6.88e+00,4.64e+00,
839,-5.60e-01,4.80e-01,-6.08e+00,3.68e+00,
840,-5.60e-01,4.40e-01,-5.92e+00,4.32e+00,
841,-6.00e-01,5.20e-01,-6.88e+00,3.52e+00,
842,-5.60e-01,4.40e-01,-5.92e+00,4.16e+00,
843,-6.40e-01,5.20e-01,-6.72e+00,3.20e+00,
844,-6.40e-01,4.40e-01,-6.56e+00,3.84e+00,
845,-5.60e-01,5.20e-01,-5.92e+00,3.04e+00,
846,-6.40e-01,4.40e-01,-6.56e+00,3.68e+00,
847,-6.00e-01,5.20e-01,-5.92e+00,2.88e+00,
848,-6.00e-01,4.80e-01,-6.56e+00,3.36e+00,
849,-6.80e-01,5.20e-01,-5.92e+00,2.56e+00,
850,-6.80e-01,4.80e-01,-5.92e+00,3.20e+00,
851,-6.00e-01,5.20e-01,-6.56e+00,2.24e+00,
852,-6.80e-01,4.80e-01,-6.56e+00,2.88e+00,
853,-6.00e-01,5.20e-01,-5.76e+00,2.08e+00,
854,-6.80e-01,5.20e-01,-6.56e+00,2.72e+00,
855,-6.40e-01,4.80e-01,-5.76e+00,1.92e+00,
856,-6.80e-01,4.80e-01,-5.76e+00,2.40e+00,
857,-6.40e-01,5.20e-01,-6.40e+00,1.60e+00,
858,-6.40e-01,4.80e-01,-5.76e+00,2.24e+00,
859,-7.60e-01,5.20e-01,-6.40e+00,1.60e+00,
860,-7.60e-01,4.80e-01,-6.40e+00,1.92e+00,
861,-6.40e-01,5.20e-01,-5.60e+00,1.28e+00,
862,-6.80e-01,4.80e-01,-6.08e+00,1.76e+00,
863,-7.60e-01,5.20e-01,-5.44e+00,1.12e+00,
864,-7.20e-01,4.80e-01,-6.08e+00,1.44e+00,
865,-7.60e-01,5.20e-01,-5.28e+00,8.00e-01,
866,-7.20e-01,4.80e-01,-6.08e+00,1.44e+00,
867,-7.60e-01,5.20e-01,-5.28e+00,4.80e-01,
868,-7.60e-01,4.80e-01,-5.28e+00,9.60e-01,
869,-7.20e-01,5.20e-01,-5.92e+00,3.20e-01,
870,-7.20e-01,4.80e-01,-5.92e+00,8.00e-01,
871,-7.60e-01,5.20e-01,-5.12e+00,1.60e-01,
872,-7.20e-01,4.80e-01,-4.96e+00,4.80e-01,
873,-8.00e-01,5.20e-01,-5.92e+00,-1.60e-01,
874,-7.20e-01,5.20e-01,-5.60e+00,3.20e-01,
875,-8.00e-01,4.80e-01,-4.96e+00,-3.20e-01,
876,-7.20e-01,4.80e-01,-5.60e+00,0.00e+00,
877,-8.00e-01,5.20e-01,-4.80e+00,-4.80e-01,
878,-7.20e-01,4.80e-01,-5.44e+00,0.00e+00,
879,-8.00e-01,5.20e-01,-4.64e+00,-8.00e-01,
880,-7.20e-01,4.80e-01,-5.44e+00,-1.60e-01,
881,-8.00e-01,5.20e-01,-4.48e+00,-9.60e-01,
882,-7.20e-01,4.80e-01,-5.12e+00,-4.80e-01,
883,-7.60e-01,5.20e-01,-4.32e+00,-1.28e+00,
884,-7.20e-01,5.20e-01,-4.96e+00,-6.40e-01,
885,-7.60e-01,4.40e-01,-4.32e+00,-1.44e+00,
886,-7.20e-01,4.40e-01,-4.96e+00,-9.60e-01,
887,-7.60e-01,5.20e-01,-4.00e+00,-1.76e+00,
888,-7.60e-01,4.40e-01,-4.64e+00,-1.12e+00,
889,-7.20e-01,5.20e-01,-4.00e+00,-1.76e+00,
890,-7.20e-01,4.40e-01,-4.64e+00,-1.92e+00,
891,-8.00e-01,5.20e-01,-3.84e+00,-1.28e+00,
892,-7.20e-01,4.40e-01,-4.48e+00,-1.60e+00,
893,-8.00e-01,4.80e-01,-3.52e+00,-2.24e+00,
894,-7.20e-01,4.40e-01,-4.16e+00,-1.76e+00,
895,-8.00e-01,4.80e-01,-3.36e+00,-2.40e+00,
896,-7.20e-01,4.40e-01,-4.00e+00,-2.08e+00,
897,-8.00e-01,4.80e-01,-3.36e+00,-2.72e+00,
898,-7.20e-01,4.40e-01,-3.68e+00,-2.24e+00,
899,-7.60e-01,4.80e-01,-3.04e+00,-2.88e+00,
900,-7.20e-01,4.80e-01,-3.68e+00,-2.56e+00,
901,-7.60e-01,3.60e-01,-2.88e+00,-3.20e+00,
902,-7.20e-01,3.60e-01,-3.52e+00,-2.72e+00,
903,-7.60e-01,4.80e-01,-2.72e+00,-3.36e+00,
904,-7.20e-01,3.60e-01,-2.72e+00,-3.04e+00,
905,-7.60e-01,4.40e-01,-3.20e+00,-3.68e+00,
906,-7.60e-01,4.00e-01,-3.04e+00,-3.20e+00,
907,-6.40e-01,3.60e-01,-2.40e+00,-3.84e+00,
908,-7.60e-01,4.00e-01,-2.72e+00,-3.20e+00,
909,-6.40e-01,3.60e-01,-1.92e+00,-4.16e+00,
910,-7.60e-01,4.00e-01,-2.56e+00,-3.52e+00,
911,-6.40e-01,3.20e-01,-1.92e+00,-4.32e+00,
912,-6.80e-01,4.00e-01,-2.56e+00,-3.68e+00,
913,-6.40e-01,3.20e-01,-1.76e+00,-4.48e+00,
914,-6.80e-01,3.20e-01,-2.24e+00,-4.00e+00,
915,-6.40e-01,3.60e-01,-1.44e+00,-4.80e+00,
916,-6.80e-01,3.60e-01,-2.08e+00,-4.16e+00,
917,-6.00e-01,3.20e-01,-1.28e+00,-4.96e+00,
918,-6.80e-01,3.60e-01,-1.76e+00,-4.48e+00,
919,-6.00e-01,2.80e-01,-9.60e-01,-5.12e+00,
920,-6.40e-01,3.60e-01,-1.60e+00,-4.64e+00,
921,-6.00e-01,2.80e-01,-8.00e-01,-5.28e+00,
922,-6.40e-01,3.60e-01,-1.44e+00,-4.64e+00,
923,-6.00e-01,2.80e-01,-4.80e-01,-5.44e+00,
924,-6.40e-01,3.20e-01,-1.12e+00,-4.96e+00,
925,-5.60e-01,2.80e-01,-3.20e-01,-5.44e+00,
926,-6.40e-01,3.20e-01,-9.60e-01,-4.96e+00,
927,-5.60e-01,2.40e-01,-3.20e-01,-5.76e+00,
928,-6.00e-01,2.40e-01,-9.60e-01,-5.12e+00,
929,-5.60e-01,3.20e-01,0.00e+00,-5.92e+00,
930,-6.00e-01,2.40e-01,-6.40e-01,-5.92e+00,
931,-5.20e-01,2.80e-01,1.60e-01,-5.28e+00,
932,-6.00e-01,2.40e-01,-4.80e-01,-5.44e+00,
933,-5.20e-01,2.80e-01,4.80e-01,-6.24e+00,
934,-5.60e-01,2.80e-01,-1.60e-01,-5.60e+00,
935,-4.80e-01,2.00e-01,6.40e-01,-6.40e+00,
936,-5.60e-01,2.80e-01,0.00e+00,-6.40e+00,
937,-4.80e-01,1.60e-01,9.60e-01,-5.76e+00,
938,-5.60e-01,1.60e-01,3.20e-01,-6.08e+00,
939,-4.80e-01,2.00e-01,1.12e+00,-6.72e+00,
940,-5.20e-01,2.00e-01,4.80e-01,-6.08e+00,
941,-4.40e-01,1.20e-01,1.12e+00,-6.72e+00,
942,-5.20e-01,1.20e-01,8.00e-01,-6.08e+00,
943,-4.00e-01,2.00e-01,1.44e+00,-6.88e+00,
944,-4.40e-01,1.20e-01,8.00e-01,-6.88e+00,
945,-4.00e-01,1.60e-01,1.60e+00,-6.24e+00,
946,-4.40e-01,1.60e-01,9.60e-01,-6.24e+00,
947,-3.60e-01,1.20e-01,1.76e+00,-6.88e+00,
948,-4.40e-01,1.60e-01,1.28e+00,-6.40e+00,
949,-3.60e-01,8.00e-02,2.08e+00,-7.20e+00,
950,-3.60e-01,1.60e-01,1.44e+00,-6.56e+00,
951,-4.00e-01,8.00e-02,2.08e+00,-7.20e+00,
952,-4.00e-01,1.20e-01,1.60e+00,-6.56e+00,
953,-3.20e-01,8.00e-02,2.24e+00,-7.20e+00,
954,-3.60e-01,1.20e-01,1.60e+00,-7.36e+00,
955,-3.20e-01,4.00e-02,2.56e+00,-6.72e+00,
956,-3.60e-01,4.00e-02,1.92e+00,-6.72e+00,
957,-2.80e-01,1.20e-01,2.72e+00,-7.36e+00,
958,-2.80e-01,8.00e-02,2.72e+00,-6.72e+00,
959,-3.60e-01,4.00e-02,2.08e+00,-7.36e+00,
960,-3.20e-01,8.00e-02,2.24e+00,-6.72e+00,
961,-2.40e-01,0.00e+00,3.20e+00,-7.36e+00,
962,-2.40e-01,0.00e+00,2.40e+00,-7.36e+00,
963,-3.20e-01,8.00e-02,3.20e+00,-6.88e+00,
964,-2.80e-01,4.00e-02,2.72e+00,-7.04e+00,
965,-2.00e-01,0.00e+00,3.52e+00,-7.68e+00,
966,-1.60e-01,4.00e-02,2.88e+00,-7.04e+00,
967,-2.80e-01,-4.00e-02,3.68e+00,-7.68e+00,
968,-2.00e-01,-8.00e-02,3.04e+00,-7.04e+00,
969,-1.60e-01,4.00e-02,3.84e+00,-7.68e+00,
970,-2.00e-01,-8.00e-02,3.36e+00,-7.68e+00,
971,-1.20e-01,-4.00e-02,4.00e+00,-7.04e+00,
972,-1.20e-01,-4.00e-02,3.36e+00,-7.04e+00,
973,-1.60e-01,-1.20e-01,4.16e+00,-7.68e+00,
974,-1.60e-01,-4.00e-02,3.52e+00,-7.68e+00,
975,-8.00e-02,-1.20e-01,4.48e+00,-7.04e+00,
976,-1.20e-01,-1.20e-01,3.84e+00,-7.04e+00,
977,-8.00e-02,-8.00e-02,4.64e+00,-7.68e+00,
978,-1.20e-01,-8.00e-02,3.84e+00,-7.68e+00,
979,-4.00e-02,-1.20e-01,4.64e+00,-7.04e+00,
980,-4.00e-02,-8.00e-02,4.16e+00,-7.04e+00,
981,-1.20e-01,-1.60e-01,4.96e+00,-7.68e+00,
982,-8.00e-02,-1.60e-01,4.32e+00,-7.68e+00,
983,0.00e+00,-1.20e-01,5.12e+00,-7.04e+00,
984,0.00e+00,-1.60e-01,4.48e+00,-7.04e+00,
985,-8.00e-02,-1.20e-01,5.12e+00,-7.68e+00,
986,-4.00e-02,-1.20e-01,4.48e+00,-7.04e+00,
987,8.00e-02,-2.00e-01,5.44e+00,-7.68e+00,
988,8.00e-02,-2.00e-01,4.80e+00,-7.52e+00,
989,-4.00e-02,-1.20e-01,5.60e+00,-6.88e+00,
990,4.00e-02,-2.00e-01,4.96e+00,-7.36e+00,
991,1.20e-01,-1.60e-01,5.60e+00,-6.72e+00,
992,4.00e-02,-1.60e-01,4.96e+00,-7.36e+00,
993,1.20e-01,-2.40e-01,5.60e+00,-6.72e+00,
994,8.00e-02,-1.60e-01,5.28e+00,-7.36e+00,
995,1.60e-01,-2.40e-01,5.76e+00,-6.56e+00,
996,8.00e-02,-2.40e-01,5.76e+00,-7.20e+00,
997,1.60e-01,-2.00e-01,5.28e+00,-6.56e+00,
998,1.60e-01,-2.40e-01,5.28e+00,-6.56e+00,
999,1.20e-01,-2.00e-01,6.08e+00,-7.20e+00,
1000,1.20e-01,-2.00e-01,5.44e+00,-6.56e+00,
1001,2.00e-01,-3.20e-01,6.24e+00,-7.20e+00,
1002,2.00e-01,-2.00e-01,6.24e+00,-7.04e+00,
1003,1.60e-01,-3.20e-01,5.60e+00,-6.40e+00,
1004,1.60e-01,-2.80e-01,5.76e+00,-6.88e+00,
1005,2.40e-01,-3.20e-01,6.56e+00,-6.24e+00,
1006,2.40e-01,-2.80e-01,5.92e+00,-6.88e+00,
1007,2.00e-01,-3.60e-01,6.56e+00,-6.24e+00,
1008,2.40e-01,-3.60e-01,5.92e+00,-6.88e+00,
1009,3.20e-01,-2.80e-01,6.56e+00,-6.08e+00,
1010,2.40e-01,-2.80e-01,5.92e+00,-6.72e+00,
1011,3.20e-01,-3.60e-01,6.72e+00,-6.08e+00,
1012,2.80e-01,-3.60e-01,6.72e+00,-6.40e+00,
1013,3.60e-01,-3.20e-01,5.92e+00,-5.76e+00,
1014,2.80e-01,-3.20e-01,6.08e+00,-6.40e+00,
1015,3.60e-01,-4.00e-01,6.72e+00,-5.76e+00,
1016,3.20e-01,-3.20e-01,6.72e+00,-6.24e+00,
1017,3.60e-01,-4.00e-01,6.08e+00,-5.60e+00,
1018,3.20e-01,-3.20e-01,6.24e+00,-6.24e+00,
1019,4.00e-01,-4.00e-01,7.04e+00,-5.44e+00,
1020,3.60e-01,-3.60e-01,6.40e+00,-5.92e+00,
1021,4.00e-01,-4.00e-01,7.04e+00,-5.28e+00,
1022,3.60e-01,-3.60e-01,6.40e+00,-5.92e+00,
1023,4.40e-01,-4.00e-01,7.04e+00,-5.12e+00,
1024,4.40e-01,-3.60e-01,7.04e+00,-5.76e+00,
1025,3.60e-01,-4.40e-01,6.40e+00,-4.96e+00,
1026,4.40e-01,-4.40e-01,7.04e+00,-4.96e+00,
1027,4.00e-01,-3.60e-01,6.40e+00,-5.44e+00,
1028,4.00e-01,-4.40e-01,6.40e+00,-5.28e+00,
1029,5.20e-01,-3.60e-01,7.04e+00,-4.64e+00,
1030,4.00e-01,-4.40e-01,7.04e+00,-5.12e+00,
1031,5.20e-01,-4.00e-01,6.40e+00,-4.48e+00,
1032,4.80e-01,-4.40e-01,6.40e+00,-4.96e+00,
1033,5.20e-01,-4.00e-01,7.20e+00,-4.16e+00,
1034,4.80e-01,-4.40e-01,7.20e+00,-4.80e+00,
1035,5.60e-01,-4.00e-01,6.40e+00,-4.16e+00,
1036,4.80e-01,-4.00e-01,7.20e+00,-4.64e+00,
1037,5.60e-01,-4.80e-01,6.40e+00,-3.84e+00,
1038,5.20e-01,-4.80e-01,7.20e+00,-4.32e+00,
1039,5.60e-01,-4.00e-01,6.40e+00,-3.68e+00,
1040,5.20e-01,-4.80e-01,7.04e+00,-4.16e+00,
1041,6.00e-01,-4.00e-01,6.40e+00,-3.52e+00,
1042,6.00e-01,-4.80e-01,6.40e+00,-3.84e+00,
1043,5.20e-01,-4.40e-01,7.04e+00,-3.20e+00,
1044,6.00e-01,-4.80e-01,6.40e+00,-3.68e+00,
1045,5.60e-01,-4.40e-01,7.04e+00,-3.04e+00,
1046,5.60e-01,-4.80e-01,6.40e+00,-3.52e+00,
1047,6.40e-01,-4.40e-01,7.04e+00,-2.72e+00,
1048,5.60e-01,-4.80e-01,7.04e+00,-3.36e+00,
1049,6.40e-01,-4.40e-01,6.24e+00,-2.56e+00,
1050,5.60e-01,-4.80e-01,7.04e+00,-3.04e+00,
1051,6.40e-01,-4.40e-01,6.24e+00,-2.24e+00,
1052,6.40e-01,-4.80e-01,7.04e+00,-2.72e+00,
1053,6.00e-01,-4.40e-01,6.24e+00,-2.08e+00,
1054,6.40e-01,-4.80e-01,6.72e+00,-2.72e+00,
1055,6.00e-01,-4.40e-01,6.08e+00,-1.76e+00,
1056,6.00e-01,-4.40e-01,6.72e+00,-2.24e+00,
1057,6.80e-01,-5.60e-01,6.08e+00,-1.60e+00,
1058,6.80e-01,-4.80e-01,6.08e+00,-1.92e+00,
1059,6.00e-01,-5.60e-01,6.72e+00,-1.28e+00,
1060,6.00e-01,-5.60e-01,6.72e+00,-1.92e+00,
1061,6.80e-01,-4.40e-01,5.92e+00,-1.12e+00,
1062,6.80e-01,-4.80e-01,6.56e+00,-1.76e+00,
1063,6.40e-01,-5.60e-01,5.92e+00,-9.60e-01,
1064,6.80e-01,-5.60e-01,5.76e+00,-1.44e+00,
1065,6.40e-01,-4.40e-01,6.56e+00,-6.40e-01,
1066,6.80e-01,-4.80e-01,5.76e+00,-1.28e+00,
1067,6.40e-01,-5.60e-01,6.24e+00,-3.20e-01,
1068,6.40e-01,-4.40e-01,6.24e+00,-9.60e-01,
1069,7.20e-01,-5.60e-01,5.60e+00,-1.60e-01,
1070,6.40e-01,-5.60e-01,6.08e+00,-8.00e-01,
1071,7.60e-01,-4.40e-01,5.44e+00,0.00e+00,
1072,7.60e-01,-4.40e-01,5.44e+00,-4.80e-01,
1073,6.40e-01,-5.60e-01,6.08e+00,3.20e-01,
1074,7.60e-01,-4.40e-01,6.08e+00,-3.20e-01,
1075,6.40e-01,-5.20e-01,5.28e+00,4.80e-01,
1076,6.40e-01,-4.80e-01,5.76e+00,0.00e+00,
1077,7.60e-01,-4.80e-01,5.28e+00,4.80e-01,
1078,6.80e-01,-4.80e-01,5.76e+00,1.60e-01,
1079,7.60e-01,-4.40e-01,4.96e+00,8.00e-01,
1080,7.20e-01,-4.80e-01,5.60e+00,3.20e-01,
1081,7.60e-01,-4.40e-01,4.80e+00,9.60e-01,
1082,7.20e-01,-4.80e-01,4.80e+00,6.40e-01,
1083,7.60e-01,-4.40e-01,5.60e+00,1.28e+00,
1084,7.20e-01,-4.80e-01,4.80e+00,8.00e-01,
1085,7.60e-01,-4.40e-01,5.44e+00,1.44e+00,
1086,7.20e-01,-4.80e-01,5.28e+00,1.12e+00,
1087,7.60e-01,-4.40e-01,4.48e+00,1.76e+00,
1088,7.20e-01,-4.80e-01,5.12e+00,1.12e+00,
1089,7.60e-01,-4.80e-01,4.48e+00,1.92e+00,
1090,7.60e-01,-4.80e-01,4.32e+00,1.44e+00,
1091,6.40e-01,-4.00e-01,4.96e+00,2.24e+00,
1092,7.60e-01,-4.80e-01,4.00e+00,1.60e+00,
1093,6.40e-01,-4.00e-01,4.80e+00,2.40e+00,
1094,7.60e-01,-4.80e-01,4.64e+00,1.76e+00,
1095,6.40e-01,-4.00e-01,3.84e+00,2.72e+00,
1096,7.60e-01,-4.00e-01,4.48e+00,2.08e+00,
1097,6.40e-01,-4.40e-01,3.52e+00,2.88e+00,
1098,6.40e-01,-4.40e-01,4.16e+00,2.24e+00,
1099,7.60e-01,-4.00e-01,3.36e+00,3.20e+00,
1100,6.40e-01,-4.40e-01,3.36e+00,2.56e+00,
1101,7.60e-01,-4.00e-01,4.16e+00,3.36e+00,
1102,6.80e-01,-4.40e-01,4.00e+00,2.72e+00,
1103,6.40e-01,-4.00e-01,3.04e+00,3.68e+00,
1104,6.40e-01,-4.40e-01,3.68e+00,3.04e+00,
1105,6.80e-01,-3.60e-01,2.88e+00,3.84e+00,
1106,6.80e-01,-4.40e-01,3.52e+00,3.84e+00,
1107,6.40e-01,-3.60e-01,2.56e+00,3.20e+00,
1108,6.80e-01,-3.60e-01,3.20e+00,3.52e+00,
1109,6.00e-01,-4.00e-01,2.40e+00,4.16e+00,
1110,6.80e-01,-3.60e-01,3.04e+00,3.68e+00,
1111,6.00e-01,-4.00e-01,2.24e+00,4.32e+00,
1112,6.80e-01,-4.00e-01,2.72e+00,4.00e+00,
1113,6.00e-01,-3.20e-01,1.92e+00,4.64e+00,
1114,6.40e-01,-4.00e-01,2.56e+00,4.16e+00,
1115,6.00e-01,-3.20e-01,1.92e+00,4.80e+00,
1116,6.00e-01,-3.20e-01,2.24e+00,4.16e+00,
1117,6.40e-01,-4.00e-01,1.60e+00,4.96e+00,
1118,6.40e-01,-3.60e-01,2.24e+00,4.48e+00,
1119,5.60e-01,-3.20e-01,1.28e+00,5.28e+00,
1120,5.60e-01,-3.60e-01,2.08e+00,5.28e+00,
1121,6.40e-01,-2.80e-01,1.28e+00,4.64e+00,
1122,5.60e-01,-3.60e-01,1.60e+00,4.96e+00,
1123,6.00e-01,-2.80e-01,9.60e-01,5.44e+00,
1124,6.00e-01,-2.80e-01,1.60e+00,5.12e+00,
1125,5.20e-01,-3.60e-01,8.00e-01,5.76e+00,
1126,5.20e-01,-2.80e-01,1.44e+00,5.12e+00,
1127,6.00e-01,-3.20e-01,4.80e-01,5.76e+00,
1128,5.20e-01,-3.20e-01,1.12e+00,5.28e+00,
1129,5.60e-01,-2.00e-01,3.20e-01,5.92e+00,
1130,5.60e-01,-3.20e-01,9.60e-01,5.44e+00,
1131,4.80e-01,-2.00e-01,0.00e+00,6.24e+00,
1132,5.60e-01,-2.00e-01,6.40e-01,5.60e+00,
1133,4.80e-01,-2.80e-01,-1.60e-01,6.24e+00,
1134,4.80e-01,-2.40e-01,4.80e-01,5.76e+00,
1135,5.20e-01,-2.00e-01,-3.20e-01,6.40e+00,
1136,5.20e-01,-2.40e-01,3.20e-01,6.40e+00,
1137,4.00e-01,-1.60e-01,-4.80e-01,5.76e+00,
1138,4.00e-01,-2.40e-01,1.60e-01,6.08e+00,
1139,5.20e-01,-1.60e-01,-6.40e-01,6.72e+00,
1140,4.40e-01,-2.00e-01,0.00e+00,6.72e+00,
1141,4.00e-01,-1.60e-01,-9.60e-01,6.08e+00,
1142,4.40e-01,-2.00e-01,-3.20e-01,6.88e+00,
1143,3.60e-01,-1.20e-01,-9.60e-01,6.24e+00,
1144,4.40e-01,-2.00e-01,-4.80e-01,6.56e+00,
1145,3.60e-01,-1.20e-01,-1.12e+00,6.88e+00,
1146,3.60e-01,-1.20e-01,-4.80e-01,6.56e+00,
1147,4.00e-01,-1.60e-01,-1.44e+00,7.20e+00,
1148,4.00e-01,-1.60e-01,-8.00e-01,6.56e+00,
1149,3.20e-01,-8.00e-02,-1.60e+00,7.20e+00,
1150,3.20e-01,-1.60e-01,-9.60e-01,7.20e+00,
1151,4.00e-01,-8.00e-02,-1.76e+00,6.56e+00,
1152,3.60e-01,-1.60e-01,-1.28e+00,6.72e+00,
1153,2.80e-01,-8.00e-02,-1.92e+00,7.36e+00,
1154,2.80e-01,-8.00e-02,-1.44e+00,7.36e+00,
1155,3.60e-01,-1.20e-01,-2.08e+00,6.72e+00,
1156,3.20e-01,-1.20e-01,-1.44e+00,6.72e+00,
1157,2.40e-01,-4.00e-02,-2.40e+00,7.68e+00,
1158,3.20e-01,-4.00e-02,-1.76e+00,7.04e+00,
1159,2.00e-01,-1.20e-01,-2.56e+00,7.68e+00,
1160,2.40e-01,-4.00e-02,-1.92e+00,7.68e+00,
1161,2.00e-01,-8.00e-02,-2.72e+00,6.88e+00,
1162,2.40e-01,-8.00e-02,-2.24e+00,7.04e+00,
1163,1.60e-01,4.00e-02,-2.88e+00,7.68e+00,
1164,2.40e-01,4.00e-02,-3.04e+00,7.04e+00,
1165,1.60e-01,-8.00e-02,-2.24e+00,7.68e+00,
1166,2.00e-01,0.00e+00,-2.40e+00,7.04e+00,
1167,1.20e-01,4.00e-02,-3.20e+00,7.68e+00,
1168,2.00e-01,0.00e+00,-2.72e+00,7.20e+00,
1169,1.20e-01,8.00e-02,-3.52e+00,7.68e+00,
1170,1.60e-01,0.00e+00,-2.88e+00,7.84e+00,
1171,8.00e-02,8.00e-02,-3.68e+00,7.20e+00,
1172,8.00e-02,8.00e-02,-3.68e+00,7.84e+00,
1173,1.60e-01,4.00e-02,-3.04e+00,7.20e+00,
1174,1.20e-01,4.00e-02,-3.36e+00,7.84e+00,
1175,4.00e-02,1.20e-01,-4.00e+00,7.04e+00,
1176,4.00e-02,4.00e-02,-3.36e+00,7.20e+00,
1177,1.20e-01,1.20e-01,-4.16e+00,7.68e+00,
1178,8.00e-02,8.00e-02,-3.52e+00,7.20e+00,
1179,0.00e+00,1.20e-01,-4.32e+00,7.68e+00,
1180,8.00e-02,8.00e-02,-4.48e+00,7.68e+00,
1181,-4.00e-02,1.60e-01,-3.84e+00,7.20e+00,
1182,0.00e+00,1.60e-01,-4.00e+00,7.04e+00,
1183,-4.00e-02,8.00e-02,-4.64e+00,7.68e+00,
1184,0.00e+00,1.60e-01,-4.00e+00,7.68e+00,
1185,-8.00e-02,1.20e-01,-4.96e+00,7.04e+00,
1186,-4.00e-02,1.20e-01,-4.32e+00,7.04e+00,
1187,-8.00e-02,2.00e-01,-4.96e+00,7.68e+00,
1188,-4.00e-02,1.20e-01,-4.32e+00,7.04e+00,
1189,-1.20e-01,2.00e-01,-5.12e+00,7.68e+00,
1190,-8.00e-02,1.20e-01,-4.48e+00,7.04e+00,
1191,-1.20e-01,2.00e-01,-5.12e+00,7.68e+00,
1192,-8.00e-02,2.00e-01,-4.48e+00,7.04e+00,
1193,-1.60e-01,2.00e-01,-5.44e+00,7.52e+00,
1194,-1.20e-01,2.00e-01,-4.80e+00,7.36e+00,
1195,-1.60e-01,2.80e-01,-5.44e+00,6.72e+00,
1196,-1.20e-01,2.00e-01,-4.80e+00,6.72e+00,
1197,-2.00e-01,2.80e-01,-5.60e+00,7.36e+00,
1198,-2.00e-01,2.40e-01,-4.96e+00,7.20e+00,
1199,-1.20e-01,2.80e-01,-5.60e+00,6.56e+00,
