X,CH1,CH2,CH3,Start,Increment,
Sequence,Volt,Volt,Volt,-6.000000e-02,1.000000e-04
0,7.20e+01,-1.64e+02,4.00e+00,
1,8.40e+01,-1.40e+02,4.80e+01,
2,8.40e+01,-1.56e+02,4.80e+01,
3,6.80e+01,-1.32e+02,-8.00e+00,
4,7.20e+01,-1.48e+02,4.40e+01,
5,9.20e+01,-1.20e+02,0.00e+00,
6,6.80e+01,-1.44e+02,-8.00e+00,
7,9.20e+01,-1.20e+02,4.40e+01,
8,7.60e+01,-1.36e+02,3.60e+01,
9,9.60e+01,-1.16e+02,-1.20e+01,
10,7.60e+01,-1.36e+02,-1.20e+01,
11,1.00e+02,-1.08e+02,4.40e+01,
12,8.00e+01,-1.28e+02,4.00e+01,
13,1.04e+02,-1.08e+02,-1.20e+01,
14,8.40e+01,-1.08e+02,4.00e+01,
15,1.08e+02,-1.28e+02,-2.00e+01,
16,8.80e+01,-1.24e+02,3.60e+01,
17,1.08e+02,-1.04e+02,-2.00e+01,
18,9.20e+01,-1.04e+02,3.60e+01,
19,1.20e+02,-1.24e+02,-2.00e+01,
20,1.00e+02,-1.04e+02,4.00e+01,
21,1.28e+02,-1.24e+02,-2.00e+01,
22,1.04e+02,-1.08e+02,3.20e+01,
23,1.32e+02,-1.32e+02,-2.40e+01,
24,1.12e+02,-1.08e+02,3.20e+01,
25,1.40e+02,-1.32e+02,-2.40e+01,
26,1.20e+02,-1.16e+02,-2.40e+01,
27,1.44e+02,-1.36e+02,3.20e+01,
28,1.24e+02,-1.16e+02,-2.40e+01,
29,1.44e+02,-1.36e+02,2.40e+01,
30,1.44e+02,-1.32e+02,2.40e+01,
31,1.12e+02,-1.08e+02,-3.20e+01,
32,1.40e+02,-1.24e+02,-2.80e+01,
33,1.12e+02,-1.04e+02,2.40e+01,
34,1.32e+02,-1.20e+02,-3.20e+01,
35,1.08e+02,-9.60e+01,2.00e+01,
36,1.28e+02,-1.12e+02,1.20e+01,
37,1.04e+02,-9.20e+01,-3.60e+01,
38,1.04e+02,-1.08e+02,-3.60e+01,
39,1.32e+02,-8.00e+01,1.60e+01,
40,1.32e+02,-1.00e+02,-3.60e+01,
41,1.08e+02,-8.00e+01,1.60e+01,
42,1.12e+02,-1.00e+02,-3.60e+01,
43,1.32e+02,-8.00e+01,1.20e+01,
44,1.12e+02,-9.20e+01,-3.60e+01,
45,1.40e+02,-7.20e+01,1.20e+01,
46,1.16e+02,-7.20e+01,8.00e+00,
47,1.40e+02,-9.20e+01,-4.00e+01,
48,1.20e+02,-8.80e+01,8.00e+00,
49,1.44e+02,-6.80e+01,-4.80e+01,
50,1.24e+02,-8.40e+01,-4.00e+01,
51,1.52e+02,-6.00e+01,4.00e+00,
52,1.28e+02,-8.40e+01,-4.40e+01,
53,1.56e+02,-6.40e+01,0.00e+00,
54,1.40e+02,-8.40e+01,-4.00e+00,
55,1.68e+02,-6.00e+01,-4.80e+01,
56,1.48e+02,-6.80e+01,-4.80e+01,
57,1.76e+02,-8.40e+01,-4.00e+00,
58,1.52e+02,-8.40e+01,-1.20e+01,
59,1.80e+02,-6.00e+01,-5.60e+01,
60,1.60e+02,-8.40e+01,-8.00e+00,
61,1.80e+02,-6.00e+01,-5.20e+01,
62,1.80e+02,-8.00e+01,-1.60e+01,
63,1.52e+02,-6.00e+01,-5.60e+01,
64,1.76e+02,-7.60e+01,-5.20e+01,
65,1.48e+02,-5.60e+01,-1.60e+01,
66,1.64e+02,-6.80e+01,-5.60e+01,
67,1.40e+02,-4.80e+01,-1.60e+01,
68,1.56e+02,-6.40e+01,-5.60e+01,
69,1.32e+02,-4.40e+01,-1.60e+01,
70,1.52e+02,-6.40e+01,-2.40e+01,
71,1.28e+02,-4.40e+01,-5.60e+01,
72,1.52e+02,-5.60e+01,-6.00e+01,
73,1.24e+02,-3.60e+01,-2.40e+01,
74,1.44e+02,-5.60e+01,-2.80e+01,
75,1.24e+02,-3.60e+01,-6.40e+01,
76,1.24e+02,-5.60e+01,-2.80e+01,
77,1.44e+02,-3.20e+01,-6.80e+01,
78,1.48e+02,-5.20e+01,-6.80e+01,
79,1.24e+02,-3.20e+01,-2.80e+01,
80,1.52e+02,-5.20e+01,-3.60e+01,
81,1.24e+02,-3.20e+01,-7.20e+01,
82,1.28e+02,-4.40e+01,-4.00e+01,
83,1.52e+02,-2.80e+01,-7.20e+01,
84,1.32e+02,-4.40e+01,-4.00e+01,
85,1.56e+02,-2.80e+01,-8.00e+01,
86,1.36e+02,-2.80e+01,-4.80e+01,
87,1.64e+02,-4.40e+01,-8.40e+01,
88,1.48e+02,-4.40e+01,-5.20e+01,
89,1.68e+02,-2.80e+01,-8.80e+01,
90,1.56e+02,-4.00e+01,-9.20e+01,
91,1.76e+02,-2.40e+01,-5.20e+01,
92,1.80e+02,-3.20e+01,-9.20e+01,
93,1.60e+02,-2.00e+01,-6.00e+01,
94,1.80e+02,-2.40e+01,-9.20e+01,
95,1.56e+02,-3.60e+01,-6.40e+01,
96,1.72e+02,-3.20e+01,-9.60e+01,
97,1.48e+02,-1.60e+01,-6.00e+01,
98,1.68e+02,-1.60e+01,-9.20e+01,
99,1.40e+02,-3.20e+01,-6.40e+01,
100,1.56e+02,-3.20e+01,-9.20e+01,
101,1.28e+02,-8.00e+00,-6.40e+01,
102,1.48e+02,-2.40e+01,-6.40e+01,
103,1.24e+02,-8.00e+00,-9.20e+01,
104,1.44e+02,-2.00e+01,-9.20e+01,
105,1.24e+02,0.00e+00,-6.40e+01,
106,1.44e+02,-2.00e+01,-9.60e+01,
107,1.12e+02,-4.00e+00,-6.80e+01,
108,1.40e+02,-2.00e+01,-7.60e+01,
109,1.12e+02,0.00e+00,-1.00e+02,
110,1.32e+02,-2.00e+01,-1.04e+02,
111,1.08e+02,0.00e+00,-7.60e+01,
112,1.32e+02,-2.00e+01,-8.40e+01,
113,1.04e+02,0.00e+00,-1.08e+02,
114,1.32e+02,0.00e+00,-8.40e+01,
115,1.04e+02,-2.00e+01,-1.16e+02,
116,1.04e+02,0.00e+00,-8.80e+01,
117,1.28e+02,-1.60e+01,-1.20e+02,
118,1.32e+02,-1.60e+01,-1.00e+02,
119,1.08e+02,4.00e+00,-1.28e+02,
120,1.08e+02,-1.60e+01,-1.08e+02,
121,1.36e+02,8.00e+00,-1.32e+02,
122,1.12e+02,-8.00e+00,-1.12e+02,
123,1.44e+02,1.20e+01,-1.40e+02,
124,1.44e+02,-8.00e+00,-1.20e+02,
125,1.12e+02,1.20e+01,-1.44e+02,
126,1.44e+02,-8.00e+00,-1.44e+02,
127,1.16e+02,1.20e+01,-1.12e+02,
128,1.36e+02,-4.00e+00,-1.44e+02,
129,1.08e+02,1.20e+01,-1.12e+02,
130,1.36e+02,0.00e+00,-1.40e+02,
131,1.00e+02,2.00e+01,-1.12e+02,
132,1.32e+02,0.00e+00,-1.32e+02,
133,9.60e+01,1.60e+01,-1.04e+02,
134,1.16e+02,4.00e+00,-1.28e+02,
135,8.80e+01,2.00e+01,-1.08e+02,
136,1.16e+02,4.00e+00,-1.04e+02,
137,8.00e+01,2.40e+01,-1.32e+02,
138,1.12e+02,8.00e+00,-1.32e+02,
139,7.60e+01,2.40e+01,-1.04e+02,
140,1.04e+02,4.00e+00,-1.12e+02,
141,6.80e+01,2.40e+01,-1.40e+02,
142,1.08e+02,8.00e+00,-1.36e+02,
143,6.80e+01,2.40e+01,-1.12e+02,
144,1.00e+02,2.40e+01,-1.16e+02,
145,6.80e+01,8.00e+00,-1.44e+02,
146,1.00e+02,1.60e+01,-1.44e+02,
147,6.40e+01,2.80e+01,-1.20e+02,
148,9.60e+01,1.60e+01,-1.24e+02,
149,5.60e+01,3.20e+01,-1.52e+02,
150,9.20e+01,1.60e+01,-1.32e+02,
151,5.60e+01,3.60e+01,-1.60e+02,
152,9.60e+01,2.00e+01,-1.44e+02,
153,5.60e+01,3.60e+01,-1.68e+02,
154,9.60e+01,2.00e+01,-1.48e+02,
155,5.60e+01,4.00e+01,-1.76e+02,
156,9.60e+01,2.80e+01,-1.56e+02,
157,6.00e+01,4.40e+01,-1.80e+02,
158,9.60e+01,2.80e+01,-1.80e+02,
159,6.00e+01,4.80e+01,-1.56e+02,
160,9.60e+01,2.80e+01,-1.76e+02,
161,5.20e+01,4.80e+01,-1.48e+02,
162,8.80e+01,4.80e+01,-1.68e+02,
163,5.20e+01,2.80e+01,-1.40e+02,
164,8.80e+01,4.80e+01,-1.68e+02,
165,4.00e+01,3.20e+01,-1.32e+02,
166,8.40e+01,3.20e+01,-1.56e+02,
167,3.20e+01,5.60e+01,-1.32e+02,
168,8.00e+01,3.20e+01,-1.52e+02,
169,3.20e+01,5.60e+01,-1.24e+02,
170,7.20e+01,5.60e+01,-1.24e+02,
171,2.80e+01,3.60e+01,-1.44e+02,
172,2.80e+01,4.00e+01,-1.44e+02,
173,7.20e+01,6.00e+01,-1.24e+02,
174,6.40e+01,4.00e+01,-1.24e+02,
175,2.40e+01,6.00e+01,-1.48e+02,
176,6.80e+01,4.00e+01,-1.48e+02,
177,2.00e+01,6.00e+01,-1.24e+02,
178,6.40e+01,6.80e+01,-1.44e+02,
179,2.00e+01,4.40e+01,-1.24e+02,
180,6.40e+01,5.20e+01,-1.52e+02,
181,1.60e+01,7.20e+01,-1.24e+02,
182,1.60e+01,5.20e+01,-1.32e+02,
183,6.80e+01,8.00e+01,-1.56e+02,
184,1.20e+01,5.60e+01,-1.36e+02,
185,6.00e+01,8.00e+01,-1.60e+02,
186,6.00e+01,6.40e+01,-1.48e+02,
187,1.60e+01,8.40e+01,-1.72e+02,
188,6.40e+01,6.40e+01,-1.48e+02,
189,8.00e+00,8.80e+01,-1.76e+02,
190,1.20e+01,6.80e+01,-1.76e+02,
191,5.60e+01,9.20e+01,-1.56e+02,
192,5.20e+01,9.20e+01,-1.76e+02,
193,4.00e+00,6.80e+01,-1.48e+02,
194,5.60e+01,9.20e+01,-1.68e+02,
195,4.00e+00,6.80e+01,-1.44e+02,
196,5.60e+01,7.20e+01,-1.64e+02,
197,-4.00e+00,9.20e+01,-1.28e+02,
198,4.80e+01,6.80e+01,-1.52e+02,
199,-4.00e+00,9.20e+01,-1.28e+02,
200,4.80e+01,7.20e+01,-1.44e+02,
201,-8.00e+00,9.60e+01,-1.20e+02,
202,-8.00e+00,7.60e+01,-1.40e+02,
203,4.40e+01,9.20e+01,-1.16e+02,
204,4.00e+01,9.60e+01,-1.36e+02,
205,-8.00e+00,8.00e+01,-1.12e+02,
206,-8.00e+00,8.00e+01,-1.32e+02,
207,4.00e+01,1.00e+02,-1.08e+02,
208,-1.60e+01,8.40e+01,-1.32e+02,
209,4.00e+01,1.08e+02,-1.08e+02,
210,3.60e+01,8.80e+01,-1.08e+02,
211,-1.60e+01,1.08e+02,-1.32e+02,
212,3.20e+01,9.20e+01,-1.04e+02,
213,-2.00e+01,1.12e+02,-1.28e+02,
214,3.60e+01,1.00e+02,-1.28e+02,
215,-2.00e+01,1.20e+02,-1.00e+02,
216,2.80e+01,1.00e+02,-1.28e+02,
217,-2.00e+01,1.24e+02,-1.04e+02,
218,3.60e+01,1.12e+02,-1.12e+02,
219,-2.00e+01,1.32e+02,-1.32e+02,
220,3.20e+01,1.16e+02,-1.12e+02,
221,-2.80e+01,1.44e+02,-1.36e+02,
222,2.40e+01,1.24e+02,-1.40e+02,
223,-2.00e+01,1.44e+02,-1.12e+02,
224,-2.40e+01,1.40e+02,-1.40e+02,
225,2.00e+01,1.20e+02,-1.12e+02,
226,2.40e+01,1.20e+02,-1.32e+02,
227,-2.80e+01,1.40e+02,-1.08e+02,
228,-3.20e+01,1.32e+02,-1.24e+02,
229,1.60e+01,1.12e+02,-1.00e+02,
230,1.20e+01,1.32e+02,-1.16e+02,
231,-3.20e+01,1.12e+02,-9.20e+01,
232,1.20e+01,1.08e+02,-1.12e+02,
233,-3.20e+01,1.28e+02,-8.80e+01,
234,-3.20e+01,1.12e+02,-1.08e+02,
235,8.00e+00,1.32e+02,-8.40e+01,
236,1.20e+01,1.12e+02,-1.04e+02,
237,-4.00e+01,1.32e+02,-8.00e+01,
238,1.20e+01,1.32e+02,-9.60e+01,
239,-4.00e+01,1.12e+02,-7.60e+01,
240,-4.00e+01,1.40e+02,-9.60e+01,
241,8.00e+00,1.20e+02,-6.80e+01,
242,-4.00e+01,1.40e+02,-9.20e+01,
243,8.00e+00,1.20e+02,-7.20e+01,
244,8.00e+00,1.24e+02,-8.40e+01,
245,-4.40e+01,1.48e+02,-6.40e+01,
246,4.00e+00,1.28e+02,-8.40e+01,
247,-4.40e+01,1.56e+02,-6.40e+01,
248,0.00e+00,1.36e+02,-8.40e+01,
249,-4.80e+01,1.64e+02,-6.80e+01,
250,-4.00e+00,1.48e+02,-8.40e+01,
251,-5.20e+01,1.68e+02,-6.40e+01,
252,-8.00e+00,1.56e+02,-8.40e+01,
253,-5.20e+01,1.80e+02,-6.40e+01,
254,-8.00e+00,1.80e+02,-8.40e+01,
255,-5.60e+01,1.60e+02,-6.80e+01,
256,-5.60e+01,1.60e+02,-8.40e+01,
257,-1.20e+01,1.80e+02,-5.60e+01,
258,-1.60e+01,1.80e+02,-8.00e+01,
259,-5.60e+01,1.56e+02,-6.00e+01,
260,-1.20e+01,1.68e+02,-7.60e+01,
261,-6.40e+01,1.48e+02,-5.60e+01,
262,-2.00e+01,1.64e+02,-7.20e+01,
263,-6.00e+01,1.36e+02,-4.40e+01,
264,-1.60e+01,1.52e+02,-6.80e+01,
265,-6.40e+01,1.32e+02,-4.80e+01,
266,-6.40e+01,1.28e+02,-6.00e+01,
267,-2.40e+01,1.52e+02,-4.00e+01,
268,-2.40e+01,1.48e+02,-6.00e+01,
269,-6.80e+01,1.28e+02,-3.60e+01,
270,-2.40e+01,1.32e+02,-5.60e+01,
271,-6.80e+01,1.52e+02,-3.60e+01,
272,-2.40e+01,1.44e+02,-5.20e+01,
273,-6.80e+01,1.28e+02,-2.80e+01,
274,-2.80e+01,1.44e+02,-5.20e+01,
275,-7.20e+01,1.28e+02,-2.80e+01,
276,-6.80e+01,1.52e+02,-4.80e+01,
277,-4.00e+01,1.28e+02,-3.20e+01,
278,-4.00e+01,1.32e+02,-4.80e+01,
279,-7.60e+01,1.52e+02,-2.80e+01,
280,-4.40e+01,1.36e+02,-4.80e+01,
281,-8.00e+01,1.56e+02,-2.40e+01,
282,-4.80e+01,1.44e+02,-4.80e+01,
283,-8.40e+01,1.68e+02,-2.40e+01,
284,-5.20e+01,1.52e+02,-4.00e+01,
285,-9.20e+01,1.76e+02,-2.40e+01,
286,-6.00e+01,1.56e+02,-4.40e+01,
287,-9.20e+01,1.80e+02,-2.40e+01,
288,-6.00e+01,1.60e+02,-4.40e+01,
289,-9.20e+01,1.80e+02,-1.60e+01,
290,-9.20e+01,1.76e+02,-3.60e+01,
291,-6.00e+01,1.48e+02,-1.60e+01,
292,-6.00e+01,1.68e+02,-3.60e+01,
293,-1.00e+02,1.44e+02,-1.20e+01,
294,-6.00e+01,1.60e+02,-3.20e+01,
295,-1.00e+02,1.36e+02,-1.20e+01,
296,-6.00e+01,1.52e+02,-3.20e+01,
297,-9.20e+01,1.32e+02,-4.00e+00,
298,-6.00e+01,1.44e+02,-2.40e+01,
299,-1.00e+02,1.24e+02,-4.00e+00,
300,-6.80e+01,1.20e+02,-2.40e+01,
301,-1.00e+02,1.44e+02,-4.00e+00,
302,-6.80e+01,1.40e+02,-4.00e+00,
303,-1.04e+02,1.12e+02,-2.40e+01,
304,-7.20e+01,1.32e+02,-2.40e+01,
305,-1.04e+02,1.12e+02,0.00e+00,
306,-8.00e+01,1.32e+02,-2.00e+01,
307,-1.12e+02,1.08e+02,0.00e+00,
308,-8.00e+01,1.32e+02,-2.40e+01,
309,-1.16e+02,1.08e+02,8.00e+00,
310,-8.40e+01,1.08e+02,-1.60e+01,
311,-1.16e+02,1.32e+02,4.00e+00,
312,-9.20e+01,1.08e+02,-2.00e+01,
313,-1.28e+02,1.32e+02,4.00e+00,
314,-9.60e+01,1.08e+02,-1.20e+01,
315,-1.36e+02,1.32e+02,8.00e+00,
316,-1.04e+02,1.12e+02,4.00e+00,
317,-1.40e+02,1.40e+02,-1.20e+01,
318,-1.08e+02,1.20e+02,-8.00e+00,
319,-1.48e+02,1.44e+02,1.20e+01,
320,-1.16e+02,1.16e+02,-1.20e+01,
321,-1.48e+02,1.44e+02,1.20e+01,
322,-1.16e+02,1.40e+02,-8.00e+00,
323,-1.48e+02,1.12e+02,1.20e+01,
324,-1.40e+02,1.40e+02,-4.00e+00,
325,-1.08e+02,1.00e+02,2.00e+01,
326,-1.36e+02,1.32e+02,-8.00e+00,
327,-1.12e+02,1.00e+02,2.00e+01,
328,-1.00e+02,1.20e+02,0.00e+00,
329,-1.36e+02,9.20e+01,1.60e+01,
330,-1.00e+02,8.80e+01,0.00e+00,
331,-1.32e+02,1.16e+02,2.00e+01,
332,-1.04e+02,8.80e+01,4.00e+00,
333,-1.36e+02,1.08e+02,2.40e+01,
334,-1.08e+02,7.60e+01,4.00e+00,
335,-1.40e+02,1.08e+02,2.40e+01,
336,-1.08e+02,7.20e+01,4.00e+00,
337,-1.40e+02,1.08e+02,2.80e+01,
338,-1.16e+02,1.00e+02,2.80e+01,
339,-1.48e+02,6.40e+01,4.00e+00,
340,-1.20e+02,6.40e+01,4.00e+00,
341,-1.48e+02,1.04e+02,3.20e+01,
342,-1.16e+02,6.40e+01,1.20e+01,
343,-1.56e+02,1.04e+02,3.20e+01,
344,-1.28e+02,6.00e+01,1.20e+01,
345,-1.60e+02,9.60e+01,3.60e+01,
346,-1.32e+02,5.60e+01,1.60e+01,
347,-1.64e+02,9.60e+01,4.00e+01,
348,-1.40e+02,6.00e+01,2.00e+01,
349,-1.76e+02,9.60e+01,4.00e+01,
350,-1.52e+02,5.60e+01,2.40e+01,
351,-1.84e+02,1.00e+02,4.40e+01,
352,-1.56e+02,6.00e+01,2.40e+01,
353,-1.84e+02,9.60e+01,4.40e+01,
354,-1.84e+02,5.60e+01,2.40e+01,
355,-1.56e+02,9.60e+01,4.80e+01,
356,-1.52e+02,5.20e+01,2.80e+01,
357,-1.76e+02,9.20e+01,4.80e+01,
358,-1.64e+02,4.80e+01,2.80e+01,
359,-1.40e+02,8.40e+01,5.20e+01,
360,-1.60e+02,4.00e+01,2.80e+01,
361,-1.36e+02,8.40e+01,4.80e+01,
362,-1.28e+02,3.60e+01,2.80e+01,
363,-1.52e+02,8.00e+01,5.60e+01,
364,-1.28e+02,7.20e+01,3.20e+01,
365,-1.52e+02,2.80e+01,5.60e+01,
366,-1.52e+02,2.80e+01,3.60e+01,
367,-1.24e+02,7.20e+01,5.60e+01,
368,-1.48e+02,7.20e+01,5.60e+01,
369,-1.28e+02,2.40e+01,3.60e+01,
370,-1.28e+02,2.40e+01,4.00e+01,
371,-1.52e+02,7.20e+01,6.00e+01,
372,-1.28e+02,2.40e+01,4.00e+01,
373,-1.48e+02,6.40e+01,6.40e+01,
374,-1.28e+02,2.00e+01,4.80e+01,
375,-1.52e+02,6.40e+01,6.40e+01,
376,-1.28e+02,1.60e+01,4.80e+01,
377,-1.56e+02,6.80e+01,7.20e+01,
378,-1.40e+02,1.60e+01,5.60e+01,
379,-1.60e+02,6.00e+01,7.60e+01,
380,-1.40e+02,1.60e+01,6.00e+01,
381,-1.72e+02,6.00e+01,8.80e+01,
382,-1.52e+02,8.00e+00,6.40e+01,
383,-1.80e+02,6.00e+01,8.40e+01,
384,-1.56e+02,8.00e+00,6.80e+01,
385,-1.84e+02,6.00e+01,9.20e+01,
386,-1.80e+02,8.00e+00,7.20e+01,
387,-1.56e+02,6.00e+01,8.80e+01,
388,-1.52e+02,8.00e+00,7.20e+01,
389,-1.76e+02,5.60e+01,8.80e+01,
390,-1.64e+02,-4.00e+00,7.20e+01,
391,-1.40e+02,5.60e+01,9.20e+01,
392,-1.60e+02,-4.00e+00,7.20e+01,
393,-1.36e+02,4.80e+01,8.80e+01,
394,-1.48e+02,0.00e+00,7.20e+01,
395,-1.28e+02,4.80e+01,9.20e+01,
396,-1.20e+02,-4.00e+00,9.20e+01,
397,-1.48e+02,4.80e+01,7.20e+01,
398,-1.40e+02,-8.00e+00,7.60e+01,
399,-1.16e+02,4.00e+01,9.60e+01,
400,-1.16e+02,4.00e+01,8.00e+01,
401,-1.36e+02,-1.20e+01,1.04e+02,
402,-1.12e+02,-8.00e+00,8.40e+01,
403,-1.28e+02,4.00e+01,1.00e+02,
404,-1.28e+02,-1.60e+01,8.40e+01,
405,-1.08e+02,4.00e+01,1.08e+02,
406,-1.04e+02,-1.60e+01,8.80e+01,
407,-1.28e+02,3.60e+01,1.16e+02,
408,-1.04e+02,-1.60e+01,9.60e+01,
409,-1.28e+02,3.60e+01,1.20e+02,
410,-1.04e+02,3.60e+01,1.00e+02,
411,-1.28e+02,-2.00e+01,1.24e+02,
412,-1.08e+02,3.20e+01,1.08e+02,
413,-1.36e+02,-1.60e+01,1.32e+02,
414,-1.16e+02,-2.00e+01,1.12e+02,
415,-1.40e+02,3.20e+01,1.36e+02,
416,-1.40e+02,-2.00e+01,1.20e+02,
417,-1.16e+02,3.20e+01,1.44e+02,
418,-1.20e+02,-2.80e+01,1.40e+02,
419,-1.40e+02,2.80e+01,1.20e+02,
420,-1.16e+02,-2.80e+01,1.40e+02,
421,-1.36e+02,2.40e+01,1.20e+02,
422,-1.28e+02,-2.80e+01,1.36e+02,
423,-1.04e+02,2.40e+01,1.12e+02,
424,-1.16e+02,-3.20e+01,1.36e+02,
425,-1.00e+02,1.60e+01,1.12e+02,
426,-1.12e+02,-3.20e+01,1.28e+02,
427,-9.20e+01,2.00e+01,1.08e+02,
428,-1.08e+02,-3.20e+01,1.08e+02,
429,-8.40e+01,1.60e+01,1.32e+02,
430,-1.04e+02,-3.20e+01,1.12e+02,
431,-8.40e+01,2.00e+01,1.36e+02,
432,-1.00e+02,-4.00e+01,1.36e+02,
433,-8.00e+01,1.20e+01,1.12e+02,
434,-1.00e+02,-4.00e+01,1.40e+02,
435,-7.60e+01,1.20e+01,1.12e+02,
436,-9.20e+01,1.20e+01,1.20e+02,
437,-7.20e+01,-4.40e+01,1.40e+02,
438,-9.20e+01,-3.60e+01,1.24e+02,
439,-6.80e+01,4.00e+00,1.48e+02,
440,-6.80e+01,-3.60e+01,1.24e+02,
441,-8.80e+01,4.00e+00,1.56e+02,
442,-8.40e+01,-4.40e+01,1.36e+02,
443,-6.40e+01,0.00e+00,1.64e+02,
444,-8.80e+01,-4.40e+01,1.44e+02,
445,-6.80e+01,0.00e+00,1.72e+02,
446,-8.80e+01,-5.20e+01,1.48e+02,
447,-6.80e+01,-8.00e+00,1.76e+02,
448,-8.80e+01,-5.20e+01,1.60e+02,
449,-6.80e+01,-1.20e+01,1.80e+02,
450,-8.80e+01,-5.20e+01,1.80e+02,
451,-6.80e+01,-1.20e+01,1.60e+02,
452,-8.80e+01,-5.60e+01,1.76e+02,
453,-6.00e+01,-1.60e+01,1.56e+02,
454,-8.00e+01,-5.60e+01,1.72e+02,
455,-5.60e+01,-1.20e+01,1.48e+02,
456,-7.60e+01,-5.60e+01,1.64e+02,
457,-5.20e+01,-1.20e+01,1.36e+02,
458,-6.80e+01,-5.60e+01,1.60e+02,
459,-4.80e+01,-2.00e+01,1.32e+02,
460,-6.40e+01,-5.60e+01,1.32e+02,
461,-4.40e+01,-2.00e+01,1.52e+02,
462,-5.60e+01,-6.40e+01,1.48e+02,
463,-4.00e+01,-2.40e+01,1.24e+02,
464,-5.60e+01,-6.40e+01,1.28e+02,
465,-3.60e+01,-2.40e+01,1.48e+02,
466,-3.60e+01,-6.40e+01,1.24e+02,
467,-5.60e+01,-2.80e+01,1.48e+02,
468,-5.20e+01,-6.80e+01,1.24e+02,
469,-3.20e+01,-3.20e+01,1.52e+02,
470,-5.20e+01,-6.80e+01,1.48e+02,
471,-3.20e+01,-3.20e+01,1.24e+02,
472,-4.40e+01,-6.80e+01,1.52e+02,
473,-2.80e+01,-4.00e+01,1.32e+02,
474,-4.40e+01,-7.60e+01,1.32e+02,
475,-2.80e+01,-4.40e+01,1.64e+02,
476,-4.40e+01,-8.00e+01,1.40e+02,
477,-2.80e+01,-4.80e+01,1.68e+02,
478,-4.40e+01,-5.60e+01,1.48e+02,
479,-2.80e+01,-8.80e+01,1.76e+02,
480,-2.40e+01,-9.20e+01,1.56e+02,
481,-4.40e+01,-5.60e+01,1.76e+02,
482,-2.40e+01,-9.20e+01,1.80e+02,
483,-4.00e+01,-6.00e+01,1.60e+02,
484,-3.60e+01,-9.20e+01,1.80e+02,
485,-2.40e+01,-6.00e+01,1.56e+02,
486,-3.60e+01,-9.20e+01,1.72e+02,
487,-1.60e+01,-6.00e+01,1.48e+02,
488,-3.20e+01,-9.20e+01,1.64e+02,
489,-1.60e+01,-6.00e+01,1.36e+02,
490,-1.20e+01,-9.20e+01,1.56e+02,
491,-2.80e+01,-6.00e+01,1.32e+02,
492,-2.80e+01,-9.20e+01,1.52e+02,
493,-4.00e+00,-6.40e+01,1.24e+02,
494,-8.00e+00,-9.20e+01,1.44e+02,
495,-2.40e+01,-6.80e+01,1.20e+02,
496,-4.00e+00,-1.00e+02,1.40e+02,
497,-2.40e+01,-6.80e+01,1.12e+02,
498,-2.00e+01,-1.00e+02,1.12e+02,
499,-4.00e+00,-7.20e+01,1.36e+02,
500,-2.00e+01,-1.04e+02,1.36e+02,
501,0.00e+00,-7.20e+01,1.08e+02,
502,-2.00e+01,-1.12e+02,1.32e+02,
503,0.00e+00,-8.00e+01,1.08e+02,
504,0.00e+00,-1.12e+02,1.32e+02,
505,-2.00e+01,-8.40e+01,1.00e+02,
506,-2.00e+01,-9.20e+01,1.28e+02,
507,0.00e+00,-1.16e+02,1.04e+02,
508,0.00e+00,-1.24e+02,1.08e+02,
509,-1.60e+01,-9.60e+01,1.36e+02,
510,4.00e+00,-1.08e+02,1.08e+02,
511,-1.60e+01,-1.32e+02,1.40e+02,
512,-8.00e+00,-1.36e+02,1.40e+02,
513,8.00e+00,-1.08e+02,1.12e+02,
514,-8.00e+00,-1.40e+02,1.12e+02,
515,8.00e+00,-1.16e+02,1.44e+02,
516,-8.00e+00,-1.44e+02,1.44e+02,
517,1.20e+01,-1.12e+02,1.12e+02,
518,1.20e+01,-1.40e+02,1.36e+02,
519,-4.00e+00,-1.08e+02,1.08e+02,
520,-4.00e+00,-1.36e+02,1.32e+02,
521,1.20e+01,-1.04e+02,1.00e+02,
522,-4.00e+00,-1.36e+02,1.28e+02,
523,1.60e+01,-1.04e+02,9.20e+01,
524,2.00e+01,-1.28e+02,1.24e+02,
525,-4.00e+00,-1.04e+02,8.40e+01,
526,4.00e+00,-1.04e+02,1.16e+02,
527,2.00e+01,-1.32e+02,8.00e+01,
528,4.00e+00,-1.08e+02,1.08e+02,
529,2.00e+01,-1.28e+02,7.60e+01,
530,2.40e+01,-1.08e+02,1.08e+02,
531,4.00e+00,-1.36e+02,7.20e+01,
532,2.40e+01,-1.36e+02,1.04e+02,
533,4.00e+00,-1.12e+02,6.40e+01,
534,2.40e+01,-1.40e+02,1.04e+02,
535,8.00e+00,-1.16e+02,6.40e+01,
536,8.00e+00,-1.20e+02,9.60e+01,
537,2.80e+01,-1.48e+02,6.00e+01,
538,1.60e+01,-1.28e+02,9.60e+01,
539,3.20e+01,-1.48e+02,6.00e+01,
540,1.60e+01,-1.56e+02,9.60e+01,
541,3.60e+01,-1.32e+02,6.00e+01,
542,3.60e+01,-1.40e+02,1.00e+02,
543,2.00e+01,-1.68e+02,6.00e+01,
544,2.00e+01,-1.52e+02,9.60e+01,
545,4.00e+01,-1.72e+02,6.00e+01,
546,4.40e+01,-1.76e+02,9.60e+01,
547,2.00e+01,-1.52e+02,6.00e+01,
548,4.40e+01,-1.84e+02,6.00e+01,
549,2.80e+01,-1.52e+02,9.60e+01,
550,2.80e+01,-1.80e+02,1.00e+02,
551,4.80e+01,-1.44e+02,5.20e+01,
552,2.80e+01,-1.72e+02,9.20e+01,
553,4.80e+01,-1.40e+02,4.80e+01,
554,4.80e+01,-1.60e+02,8.40e+01,
555,3.20e+01,-1.32e+02,4.40e+01,
556,3.20e+01,-1.52e+02,8.00e+01,
557,4.80e+01,-1.28e+02,3.60e+01,
558,3.20e+01,-1.48e+02,8.00e+01,
559,5.20e+01,-1.20e+02,2.80e+01,
560,3.20e+01,-1.48e+02,7.20e+01,
561,5.60e+01,-1.20e+02,2.80e+01,
562,4.00e+01,-1.48e+02,7.20e+01,
563,5.60e+01,-1.20e+02,2.40e+01,
564,4.00e+01,-1.48e+02,6.80e+01,
565,5.60e+01,-1.20e+02,2.40e+01,
566,4.40e+01,-1.48e+02,6.80e+01,
567,6.00e+01,-1.20e+02,2.40e+01,
568,4.40e+01,-1.28e+02,6.80e+01,
569,6.40e+01,-1.48e+02,1.60e+01,
570,5.20e+01,-1.28e+02,6.80e+01,
571,6.80e+01,-1.56e+02,1.60e+01,
572,5.20e+01,-1.32e+02,6.80e+01,
573,7.20e+01,-1.52e+02,1.60e+01,
574,6.40e+01,-1.40e+02,6.80e+01,
575,8.00e+01,-1.60e+02,1.20e+01,
576,6.40e+01,-1.48e+02,6.00e+01,
577,8.40e+01,-1.72e+02,1.20e+01,
578,6.80e+01,-1.52e+02,6.00e+01,
579,8.40e+01,-1.76e+02,1.20e+01,
580,8.40e+01,-1.80e+02,6.00e+01,
581,6.80e+01,-1.56e+02,4.00e+00,
582,6.80e+01,-1.72e+02,5.60e+01,
583,8.40e+01,-1.52e+02,4.00e+00,
584,9.20e+01,-1.64e+02,5.20e+01,
585,7.20e+01,-1.40e+02,0.00e+00,
586,6.80e+01,-1.60e+02,5.20e+01,
587,8.40e+01,-1.36e+02,0.00e+00,
588,7.60e+01,-1.48e+02,4.80e+01,
589,8.80e+01,-1.20e+02,0.00e+00,
590,9.20e+01,-1.48e+02,4.00e+01,
591,7.60e+01,-1.20e+02,-8.00e+00,
592,7.60e+01,-1.40e+02,4.40e+01,
593,9.20e+01,-1.16e+02,-1.20e+01,
594,9.60e+01,-1.36e+02,3.60e+01,
595,8.00e+01,-1.08e+02,-1.20e+01,
596,9.60e+01,-1.36e+02,3.60e+01,
597,8.00e+01,-1.08e+02,-1.20e+01,
598,8.40e+01,-1.32e+02,3.60e+01,
599,1.04e+02,-1.04e+02,-1.20e+01,
600,1.08e+02,-1.24e+02,3.60e+01,
601,8.80e+01,-1.04e+02,-1.20e+01,
602,9.20e+01,-1.04e+02,3.20e+01,
603,1.16e+02,-1.24e+02,-1.20e+01,
604,1.00e+02,-1.24e+02,3.20e+01,
605,1.20e+02,-1.04e+02,-2.00e+01,
606,1.08e+02,-1.08e+02,3.20e+01,
607,1.28e+02,-1.32e+02,-2.00e+01,
608,1.12e+02,-1.08e+02,3.20e+01,
609,1.32e+02,-1.32e+02,-2.40e+01,
610,1.20e+02,-1.16e+02,2.40e+01,
611,1.40e+02,-1.36e+02,-2.40e+01,
612,1.24e+02,-1.16e+02,2.40e+01,
613,1.44e+02,-1.36e+02,-2.40e+01,
614,1.24e+02,-1.36e+02,-2.40e+01,
615,1.40e+02,-1.12e+02,2.00e+01,
616,1.16e+02,-1.32e+02,-2.40e+01,
617,1.40e+02,-1.04e+02,2.00e+01,
618,1.32e+02,-1.24e+02,2.00e+01,
619,1.12e+02,-9.60e+01,-2.80e+01,
620,1.28e+02,-1.16e+02,1.60e+01,
621,1.08e+02,-9.20e+01,-3.20e+01,
622,1.28e+02,-1.04e+02,1.20e+01,
623,1.12e+02,-8.40e+01,-3.60e+01,
624,1.04e+02,-1.04e+02,1.60e+01,
625,1.32e+02,-8.00e+01,-3.60e+01,
626,1.12e+02,-8.00e+01,1.20e+01,
627,1.32e+02,-1.00e+02,-3.60e+01,
628,1.12e+02,-9.60e+01,1.20e+01,
629,1.40e+02,-7.20e+01,-3.60e+01,
630,1.16e+02,-7.20e+01,-3.60e+01,
631,1.40e+02,-9.20e+01,8.00e+00,
632,1.24e+02,-8.80e+01,4.00e+00,
633,1.44e+02,-7.20e+01,-4.00e+01,
634,1.44e+02,-6.80e+01,8.00e+00,
635,1.24e+02,-8.80e+01,-4.40e+01,
636,1.28e+02,-8.00e+01,0.00e+00,
637,1.52e+02,-6.80e+01,-4.00e+01,
638,1.36e+02,-6.80e+01,-4.00e+00,
639,1.64e+02,-8.40e+01,-4.80e+01,
640,1.48e+02,-6.80e+01,-4.00e+00,
641,1.68e+02,-8.40e+01,-4.80e+01,
642,1.76e+02,-6.80e+01,-4.00e+00,
643,1.52e+02,-8.80e+01,-5.20e+01,
644,1.60e+02,-6.80e+01,-1.20e+01,
645,1.80e+02,-8.40e+01,-5.60e+01,
646,1.76e+02,-8.00e+01,-1.20e+01,
647,1.60e+02,-6.00e+01,-5.60e+01,
648,1.76e+02,-6.00e+01,-1.60e+01,
649,1.52e+02,-8.00e+01,-5.20e+01,
650,1.64e+02,-5.60e+01,-1.60e+01,
651,1.40e+02,-7.20e+01,-5.60e+01,
652,1.56e+02,-6.80e+01,-1.60e+01,
653,1.36e+02,-4.80e+01,-5.60e+01,
654,1.48e+02,-4.80e+01,-2.00e+01,
655,1.28e+02,-6.40e+01,-6.00e+01,
656,1.44e+02,-5.60e+01,-2.40e+01,
657,1.28e+02,-4.40e+01,-6.00e+01,
658,1.44e+02,-3.60e+01,-2.40e+01,
659,1.28e+02,-5.60e+01,-6.00e+01,
660,1.44e+02,-5.20e+01,-2.40e+01,
661,1.28e+02,-3.20e+01,-6.40e+01,
662,1.28e+02,-3.60e+01,-2.80e+01,
663,1.44e+02,-5.20e+01,-6.40e+01,
664,1.44e+02,-3.20e+01,-3.60e+01,
665,1.24e+02,-5.20e+01,-6.80e+01,
666,1.52e+02,-2.80e+01,-3.60e+01,
667,1.28e+02,-4.40e+01,-7.20e+01,
668,1.32e+02,-4.40e+01,-4.00e+01,
669,1.52e+02,-2.80e+01,-7.60e+01,
670,1.40e+02,-4.40e+01,-4.00e+01,
671,1.64e+02,-2.80e+01,-8.40e+01,
672,1.44e+02,-2.40e+01,-4.80e+01,
673,1.64e+02,-4.40e+01,-8.40e+01,
674,1.52e+02,-2.40e+01,-5.20e+01,
675,1.76e+02,-4.40e+01,-8.80e+01,
676,1.60e+02,-2.40e+01,-5.60e+01,
677,1.76e+02,-4.00e+01,-9.20e+01,
678,1.76e+02,-1.60e+01,-6.40e+01,
679,1.60e+02,-3.60e+01,-9.20e+01,
680,1.76e+02,-3.20e+01,-6.00e+01,
681,1.52e+02,-1.60e+01,-9.20e+01,
682,1.68e+02,-3.20e+01,-6.00e+01,
683,1.48e+02,-1.60e+01,-9.20e+01,
684,1.56e+02,-1.20e+01,-6.00e+01,
685,1.36e+02,-3.20e+01,-9.60e+01,
686,1.48e+02,-2.80e+01,-6.00e+01,
687,1.28e+02,-8.00e+00,-9.20e+01,
688,1.44e+02,-8.00e+00,-6.40e+01,
689,1.24e+02,-2.80e+01,-9.60e+01,
690,1.36e+02,-2.00e+01,-6.80e+01,
691,1.20e+02,-4.00e+00,-9.60e+01,
692,1.32e+02,-2.00e+01,-7.20e+01,
693,1.16e+02,-4.00e+00,-1.00e+02,
694,1.12e+02,-2.00e+01,-7.60e+01,
695,1.32e+02,0.00e+00,-1.04e+02,
696,1.12e+02,0.00e+00,-7.60e+01,
697,1.28e+02,-2.00e+01,-1.08e+02,
698,1.04e+02,0.00e+00,-8.40e+01,
699,1.28e+02,-1.60e+01,-1.16e+02,
700,1.28e+02,-1.60e+01,-8.80e+01,
701,1.08e+02,0.00e+00,-1.16e+02,
702,1.08e+02,-1.60e+01,-9.60e+01,
703,1.28e+02,0.00e+00,-1.24e+02,
704,1.12e+02,8.00e+00,-1.00e+02,
705,1.32e+02,-1.60e+01,-1.32e+02,
706,1.12e+02,-8.00e+00,-1.08e+02,
707,1.40e+02,8.00e+00,-1.40e+02,
708,1.16e+02,8.00e+00,-1.16e+02,
709,1.40e+02,-8.00e+00,-1.44e+02,
710,1.40e+02,1.20e+01,-1.20e+02,
711,1.16e+02,-8.00e+00,-1.44e+02,
712,1.40e+02,1.60e+01,-1.12e+02,
713,1.12e+02,-4.00e+00,-1.40e+02,
714,1.32e+02,1.60e+01,-1.12e+02,
715,1.04e+02,-4.00e+00,-1.40e+02,
716,1.00e+02,1.60e+01,-1.08e+02,
717,1.28e+02,0.00e+00,-1.32e+02,
718,1.20e+02,4.00e+00,-1.28e+02,
719,9.20e+01,2.00e+01,-1.04e+02,
720,1.08e+02,4.00e+00,-1.08e+02,
721,8.80e+01,2.00e+01,-1.28e+02,
722,8.00e+01,4.00e+00,-1.32e+02,
723,1.08e+02,2.40e+01,-1.04e+02,
724,1.04e+02,2.40e+01,-1.04e+02,
725,7.60e+01,8.00e+00,-1.40e+02,
726,7.60e+01,2.40e+01,-1.08e+02,
727,1.00e+02,8.00e+00,-1.44e+02,
728,6.80e+01,2.40e+01,-1.16e+02,
729,9.60e+01,8.00e+00,-1.40e+02,
730,6.40e+01,8.00e+00,-1.44e+02,
731,9.60e+01,3.20e+01,-1.16e+02,
732,6.40e+01,1.20e+01,-1.44e+02,
733,9.60e+01,3.20e+01,-1.24e+02,
734,6.40e+01,1.60e+01,-1.24e+02,
735,9.60e+01,3.60e+01,-1.56e+02,
736,6.40e+01,1.60e+01,-1.36e+02,
737,8.80e+01,3.60e+01,-1.64e+02,
738,6.00e+01,1.60e+01,-1.44e+02,
739,9.60e+01,3.60e+01,-1.76e+02,
740,6.40e+01,2.40e+01,-1.56e+02,
741,9.20e+01,4.40e+01,-1.80e+02,
742,6.00e+01,2.80e+01,-1.56e+02,
743,9.60e+01,4.40e+01,-1.80e+02,
744,6.00e+01,2.80e+01,-1.76e+02,
745,9.20e+01,4.40e+01,-1.52e+02,
746,5.20e+01,4.80e+01,-1.48e+02,
747,8.40e+01,2.80e+01,-1.68e+02,
748,5.20e+01,3.20e+01,-1.64e+02,
749,8.40e+01,4.80e+01,-1.40e+02,
750,4.00e+01,4.80e+01,-1.56e+02,
751,8.00e+01,3.20e+01,-1.32e+02,
752,4.00e+01,4.80e+01,-1.24e+02,
753,7.20e+01,3.20e+01,-1.52e+02,
754,3.20e+01,5.20e+01,-1.44e+02,
755,7.20e+01,3.20e+01,-1.24e+02,
756,2.80e+01,3.20e+01,-1.24e+02,
757,6.80e+01,5.60e+01,-1.44e+02,
758,2.80e+01,4.00e+01,-1.44e+02,
759,6.40e+01,5.60e+01,-1.24e+02,
760,2.80e+01,4.00e+01,-1.44e+02,
761,6.80e+01,6.00e+01,-1.24e+02,
762,2.40e+01,4.40e+01,-1.44e+02,
763,6.00e+01,6.00e+01,-1.24e+02,
764,2.40e+01,4.80e+01,-1.24e+02,
765,6.00e+01,6.80e+01,-1.48e+02,
766,2.00e+01,5.20e+01,-1.28e+02,
767,5.60e+01,6.80e+01,-1.52e+02,
768,2.00e+01,5.60e+01,-1.32e+02,
769,5.60e+01,7.20e+01,-1.56e+02,
770,1.60e+01,6.40e+01,-1.44e+02,
771,5.20e+01,8.00e+01,-1.64e+02,
772,2.00e+01,8.40e+01,-1.48e+02,
773,5.60e+01,6.80e+01,-1.76e+02,
774,1.60e+01,8.80e+01,-1.56e+02,
775,5.20e+01,7.20e+01,-1.76e+02,
776,1.20e+01,7.20e+01,-1.76e+02,
777,5.20e+01,9.20e+01,-1.52e+02,
778,8.00e+00,8.80e+01,-1.48e+02,
779,4.80e+01,7.20e+01,-1.68e+02,
780,4.00e+00,8.80e+01,-1.64e+02,
781,4.80e+01,6.80e+01,-1.40e+02,
782,4.00e+01,9.20e+01,-1.56e+02,
783,4.00e+00,7.20e+01,-1.28e+02,
784,0.00e+00,6.80e+01,-1.44e+02,
785,4.00e+01,9.20e+01,-1.24e+02,
786,0.00e+00,7.60e+01,-1.40e+02,
787,3.60e+01,9.20e+01,-1.20e+02,
788,-8.00e+00,7.60e+01,-1.40e+02,
789,3.60e+01,9.20e+01,-1.12e+02,
790,-8.00e+00,9.60e+01,-1.12e+02,
791,3.60e+01,8.00e+01,-1.32e+02,
792,-8.00e+00,1.00e+02,-1.08e+02,
793,3.60e+01,8.40e+01,-1.32e+02,
794,-8.00e+00,8.80e+01,-1.28e+02,
795,3.60e+01,1.04e+02,-1.04e+02,
796,-8.00e+00,9.20e+01,-1.24e+02,
797,3.20e+01,1.08e+02,-1.04e+02,
798,-1.20e+01,9.60e+01,-1.00e+02,
799,3.20e+01,1.16e+02,-1.20e+02,
800,-1.60e+01,1.00e+02,-1.04e+02,
801,2.80e+01,1.20e+02,-1.28e+02,
802,-1.60e+01,1.12e+02,-1.08e+02,
803,2.40e+01,1.28e+02,-1.32e+02,
804,-2.00e+01,1.32e+02,-1.12e+02,
805,2.40e+01,1.12e+02,-1.32e+02,
806,-2.00e+01,1.24e+02,-1.16e+02,
807,2.40e+01,1.40e+02,-1.36e+02,
808,-2.00e+01,1.24e+02,-1.40e+02,
809,2.40e+01,1.40e+02,-1.12e+02,
810,-2.40e+01,1.40e+02,-1.32e+02,
811,2.00e+01,1.16e+02,-1.12e+02,
812,2.00e+01,1.32e+02,-1.08e+02,
813,-2.80e+01,1.12e+02,-1.28e+02,
814,1.20e+01,1.32e+02,-1.20e+02,
815,-2.80e+01,1.12e+02,-1.00e+02,
816,1.20e+01,1.12e+02,-1.16e+02,
817,-2.80e+01,1.28e+02,-9.20e+01,
818,-3.20e+01,1.28e+02,-8.80e+01,
819,1.20e+01,1.08e+02,-1.08e+02,
820,-3.20e+01,1.12e+02,-8.40e+01,
821,4.00e+00,1.32e+02,-1.04e+02,
822,-3.20e+01,1.32e+02,-8.00e+01,
823,8.00e+00,1.12e+02,-1.00e+02,
824,-3.20e+01,1.40e+02,-9.60e+01,
825,4.00e+00,1.16e+02,-7.60e+01,
826,-4.00e+01,1.40e+02,-7.20e+01,
827,4.00e+00,1.16e+02,-9.20e+01,
828,-4.00e+01,1.44e+02,-6.40e+01,
829,0.00e+00,1.24e+02,-9.20e+01,
830,-4.00e+01,1.44e+02,-6.40e+01,
831,0.00e+00,1.24e+02,-8.40e+01,
832,-4.00e+01,1.32e+02,-6.40e+01,
833,-4.00e+00,1.56e+02,-8.40e+01,
834,-4.00e+01,1.44e+02,-8.40e+01,
835,-4.00e+00,1.64e+02,-6.80e+01,
836,-4.40e+01,1.68e+02,-8.40e+01,
837,-8.00e+00,1.48e+02,-6.80e+01,
838,-4.40e+01,1.60e+02,-6.40e+01,
839,-1.20e+01,1.84e+02,-8.40e+01,
840,-4.80e+01,1.80e+02,-8.40e+01,
841,-1.20e+01,1.60e+02,-6.40e+01,
842,-5.60e+01,1.80e+02,-6.40e+01,
843,-1.60e+01,1.56e+02,-8.40e+01,
844,-2.00e+01,1.72e+02,-8.00e+01,
845,-5.20e+01,1.48e+02,-5.60e+01,
846,-5.60e+01,1.64e+02,-5.20e+01,
847,-2.00e+01,1.40e+02,-7.20e+01,
848,-5.60e+01,1.56e+02,-5.20e+01,
849,-2.00e+01,1.32e+02,-6.80e+01,
850,-5.60e+01,1.48e+02,-6.80e+01,
851,-2.40e+01,1.32e+02,-4.40e+01,
852,-5.60e+01,1.52e+02,-4.00e+01,
853,-2.40e+01,1.28e+02,-6.00e+01,
854,-6.00e+01,1.44e+02,-3.60e+01,
855,-2.80e+01,1.24e+02,-5.60e+01,
856,-6.00e+01,1.44e+02,-3.20e+01,
857,-3.20e+01,1.32e+02,-5.60e+01,
858,-3.60e+01,1.44e+02,-5.20e+01,
859,-6.40e+01,1.24e+02,-3.20e+01,
860,-6.80e+01,1.48e+02,-2.80e+01,
861,-3.60e+01,1.28e+02,-5.20e+01,
862,-6.80e+01,1.28e+02,-2.80e+01,
863,-4.00e+01,1.48e+02,-4.80e+01,
864,-7.20e+01,1.36e+02,-2.80e+01,
865,-4.00e+01,1.52e+02,-4.80e+01,
866,-8.00e+01,1.40e+02,-2.80e+01,
867,-5.20e+01,1.56e+02,-4.80e+01,
868,-8.00e+01,1.48e+02,-2.40e+01,
869,-5.20e+01,1.68e+02,-4.80e+01,
870,-6.00e+01,1.56e+02,-2.40e+01,
871,-8.80e+01,1.76e+02,-4.40e+01,
872,-6.40e+01,1.60e+02,-2.40e+01,
873,-8.80e+01,1.76e+02,-4.00e+01,
874,-9.20e+01,1.80e+02,-3.60e+01,
875,-6.80e+01,1.56e+02,-2.00e+01,
876,-6.80e+01,1.76e+02,-2.00e+01,
877,-8.80e+01,1.52e+02,-3.60e+01,
878,-9.20e+01,1.64e+02,-1.60e+01,
879,-6.40e+01,1.44e+02,-3.60e+01,
880,-6.80e+01,1.56e+02,-8.00e+00,
881,-9.20e+01,1.32e+02,-2.80e+01,
882,-9.20e+01,1.52e+02,-3.20e+01,
883,-6.80e+01,1.28e+02,-8.00e+00,
884,-9.20e+01,1.44e+02,-8.00e+00,
885,-6.80e+01,1.24e+02,-2.40e+01,
886,-7.20e+01,1.40e+02,-8.00e+00,
887,-9.20e+01,1.16e+02,-2.40e+01,
888,-1.00e+02,1.16e+02,-2.40e+01,
889,-7.60e+01,1.40e+02,-4.00e+00,
890,-1.00e+02,1.32e+02,0.00e+00,
891,-8.00e+01,1.12e+02,-2.40e+01,
892,-1.04e+02,1.32e+02,0.00e+00,
893,-8.40e+01,1.08e+02,-2.00e+01,
894,-8.40e+01,1.28e+02,-4.00e+00,
895,-1.12e+02,1.08e+02,-2.00e+01,
896,-1.16e+02,1.28e+02,0.00e+00,
897,-8.80e+01,1.08e+02,-1.60e+01,
898,-9.60e+01,1.04e+02,8.00e+00,
899,-1.20e+02,1.32e+02,-1.60e+01,
900,-1.28e+02,1.32e+02,4.00e+00,
901,-1.04e+02,1.08e+02,-2.00e+01,
902,-1.16e+02,1.12e+02,8.00e+00,
903,-1.36e+02,1.36e+02,-1.20e+01,
904,-1.16e+02,1.20e+02,8.00e+00,
905,-1.40e+02,1.40e+02,-1.20e+01,
906,-1.40e+02,1.44e+02,1.20e+01,
907,-1.20e+02,1.16e+02,-8.00e+00,
908,-1.40e+02,1.40e+02,1.20e+01,
909,-1.16e+02,1.04e+02,-8.00e+00,
910,-1.16e+02,1.32e+02,1.20e+01,
911,-1.36e+02,1.00e+02,-8.00e+00,
912,-1.28e+02,1.28e+02,1.60e+01,
913,-1.08e+02,9.60e+01,-4.00e+00,
914,-1.28e+02,1.20e+02,2.00e+01,
915,-1.04e+02,8.80e+01,0.00e+00,
916,-1.28e+02,1.20e+02,2.00e+01,
917,-1.04e+02,8.00e+01,0.00e+00,
918,-1.28e+02,1.16e+02,4.00e+00,
919,-1.08e+02,7.60e+01,2.00e+01,
920,-1.08e+02,1.08e+02,4.00e+00,
921,-1.32e+02,7.60e+01,2.80e+01,
922,-1.16e+02,1.04e+02,2.40e+01,
923,-1.36e+02,6.80e+01,4.00e+00,
924,-1.16e+02,1.04e+02,2.40e+01,
925,-1.36e+02,7.20e+01,4.00e+00,
926,-1.40e+02,1.04e+02,1.20e+01,
927,-1.20e+02,6.40e+01,2.80e+01,
928,-1.28e+02,6.80e+01,3.20e+01,
929,-1.48e+02,9.60e+01,1.20e+01,
930,-1.32e+02,9.20e+01,3.20e+01,
931,-1.56e+02,6.00e+01,1.20e+01,
932,-1.40e+02,6.00e+01,1.20e+01,
933,-1.60e+02,9.60e+01,3.60e+01,
934,-1.44e+02,9.60e+01,1.60e+01,
935,-1.68e+02,6.40e+01,4.00e+01,
936,-1.56e+02,6.40e+01,4.00e+01,
937,-1.80e+02,9.60e+01,2.40e+01,
938,-1.80e+02,9.60e+01,4.40e+01,
939,-1.56e+02,5.60e+01,2.40e+01,
940,-1.80e+02,9.60e+01,2.40e+01,
941,-1.52e+02,5.60e+01,4.80e+01,
942,-1.72e+02,9.20e+01,4.80e+01,
943,-1.44e+02,5.20e+01,2.80e+01,
944,-1.68e+02,8.80e+01,5.20e+01,
945,-1.40e+02,4.80e+01,2.80e+01,
946,-1.52e+02,8.00e+01,4.80e+01,
947,-1.32e+02,4.00e+01,2.80e+01,
948,-1.48e+02,7.60e+01,4.80e+01,
949,-1.28e+02,3.60e+01,3.20e+01,
950,-1.48e+02,7.20e+01,3.60e+01,
951,-1.28e+02,2.80e+01,5.60e+01,
952,-1.28e+02,7.20e+01,3.60e+01,
953,-1.48e+02,2.80e+01,5.60e+01,
954,-1.28e+02,7.20e+01,5.60e+01,
955,-1.48e+02,2.80e+01,3.60e+01,
956,-1.48e+02,6.80e+01,6.00e+01,
957,-1.28e+02,2.00e+01,3.60e+01,
958,-1.48e+02,6.80e+01,4.00e+01,
959,-1.28e+02,2.00e+01,6.40e+01,
960,-1.48e+02,6.00e+01,6.80e+01,
961,-1.28e+02,2.00e+01,4.80e+01,
962,-1.32e+02,6.00e+01,6.80e+01,
963,-1.52e+02,1.60e+01,4.80e+01,
964,-1.40e+02,6.00e+01,7.60e+01,
965,-1.60e+02,1.60e+01,5.20e+01,
966,-1.44e+02,6.00e+01,8.00e+01,
967,-1.68e+02,1.60e+01,6.00e+01,
968,-1.52e+02,6.00e+01,6.40e+01,
969,-1.72e+02,8.00e+00,8.40e+01,
970,-1.56e+02,5.20e+01,8.80e+01,
971,-1.80e+02,8.00e+00,6.40e+01,
972,-1.80e+02,5.20e+01,8.80e+01,
973,-1.56e+02,8.00e+00,6.40e+01,
974,-1.72e+02,5.60e+01,9.20e+01,
975,-1.52e+02,4.00e+00,6.40e+01,
976,-1.64e+02,5.20e+01,9.20e+01,
977,-1.40e+02,4.00e+00,6.40e+01,
978,-1.60e+02,4.80e+01,9.20e+01,
979,-1.32e+02,0.00e+00,7.20e+01,
980,-1.48e+02,4.80e+01,8.80e+01,
981,-1.28e+02,0.00e+00,7.20e+01,
982,-1.40e+02,4.40e+01,9.20e+01,
983,-1.20e+02,-4.00e+00,7.20e+01,
984,-1.40e+02,4.00e+01,7.20e+01,
985,-1.16e+02,-8.00e+00,9.20e+01,
986,-1.36e+02,4.40e+01,9.60e+01,
987,-1.16e+02,-8.00e+00,7.60e+01,
988,-1.32e+02,4.40e+01,8.40e+01,
989,-1.08e+02,-8.00e+00,1.04e+02,
990,-1.08e+02,4.00e+01,1.04e+02,
991,-1.28e+02,-8.00e+00,8.40e+01,
992,-1.08e+02,4.00e+01,8.80e+01,
993,-1.28e+02,-1.60e+01,1.12e+02,
994,-1.08e+02,3.20e+01,9.20e+01,
995,-1.24e+02,-1.60e+01,1.16e+02,
996,-1.08e+02,3.60e+01,1.00e+02,
997,-1.24e+02,-1.60e+01,1.24e+02,
998,-1.28e+02,2.80e+01,1.08e+02,
999,-1.12e+02,-2.00e+01,1.28e+02,
1000,-1.12e+02,3.20e+01,1.12e+02,
1001,-1.36e+02,-2.00e+01,1.36e+02,
1002,-1.20e+02,2.80e+01,1.40e+02,
1003,-1.36e+02,-2.00e+01,1.20e+02,
1004,-1.36e+02,2.40e+01,1.40e+02,
1005,-1.20e+02,-2.80e+01,1.20e+02,
1006,-1.36e+02,2.40e+01,1.40e+02,
1007,-1.16e+02,-2.80e+01,1.12e+02,
1008,-1.28e+02,2.40e+01,1.36e+02,
1009,-1.08e+02,-2.80e+01,1.12e+02,
1010,-1.24e+02,2.00e+01,1.32e+02,
1011,-1.04e+02,-3.20e+01,1.08e+02,
1012,-1.16e+02,1.60e+01,1.28e+02,
1013,-9.60e+01,-3.20e+01,1.08e+02,
1014,-1.04e+02,1.60e+01,1.28e+02,
1015,-9.20e+01,-3.20e+01,1.08e+02,
1016,-1.00e+02,1.60e+01,1.32e+02,
1017,-8.40e+01,-3.20e+01,1.08e+02,
1018,-1.00e+02,1.20e+01,1.36e+02,
1019,-7.60e+01,-3.20e+01,1.12e+02,
1020,-9.20e+01,8.00e+00,1.12e+02,
1021,-7.60e+01,-4.00e+01,1.36e+02,
1022,-9.20e+01,1.20e+01,1.40e+02,
1023,-7.20e+01,-3.60e+01,1.12e+02,
1024,-7.20e+01,1.20e+01,1.44e+02,
1025,-8.80e+01,-4.00e+01,1.20e+02,
1026,-8.80e+01,4.00e+00,1.24e+02,
1027,-6.80e+01,-4.40e+01,1.48e+02,
1028,-6.80e+01,4.00e+00,1.52e+02,
1029,-8.80e+01,-4.40e+01,1.32e+02,
1030,-8.40e+01,0.00e+00,1.36e+02,
1031,-6.40e+01,-4.40e+01,1.64e+02,
1032,-6.80e+01,0.00e+00,1.48e+02,
1033,-8.80e+01,-5.20e+01,1.72e+02,
1034,-6.40e+01,-4.00e+00,1.76e+02,
1035,-8.40e+01,-4.80e+01,1.56e+02,
1036,-6.80e+01,-8.00e+00,1.80e+02,
1037,-8.40e+01,-5.20e+01,1.56e+02,
1038,-8.00e+01,-1.20e+01,1.76e+02,
1039,-6.40e+01,-5.60e+01,1.56e+02,
1040,-8.00e+01,-1.20e+01,1.76e+02,
1041,-6.00e+01,-5.60e+01,1.48e+02,
1042,-5.60e+01,-1.20e+01,1.68e+02,
1043,-7.20e+01,-5.60e+01,1.40e+02,
1044,-6.80e+01,-5.60e+01,1.56e+02,
1045,-4.80e+01,-2.00e+01,1.36e+02,
1046,-4.80e+01,-5.60e+01,1.48e+02,
1047,-6.40e+01,-2.00e+01,1.24e+02,
1048,-6.00e+01,-2.00e+01,1.52e+02,
1049,-4.40e+01,-5.60e+01,1.24e+02,
1050,-4.00e+01,-2.40e+01,1.52e+02,
1051,-5.60e+01,-6.40e+01,1.24e+02,
1052,-5.60e+01,-3.20e+01,1.44e+02,
1053,-3.60e+01,-6.40e+01,1.24e+02,
1054,-5.20e+01,-3.20e+01,1.48e+02,
1055,-3.60e+01,-6.40e+01,1.24e+02,
1056,-3.60e+01,-3.20e+01,1.48e+02,
1057,-5.20e+01,-6.80e+01,1.24e+02,
1058,-3.20e+01,-3.20e+01,1.48e+02,
1059,-5.20e+01,-7.60e+01,1.24e+02,
1060,-4.40e+01,-4.00e+01,1.52e+02,
1061,-2.80e+01,-7.60e+01,1.32e+02,
1062,-4.40e+01,-4.00e+01,1.36e+02,
1063,-2.80e+01,-8.00e+01,1.60e+02,
1064,-4.00e+01,-4.40e+01,1.64e+02,
1065,-2.80e+01,-8.80e+01,1.44e+02,
1066,-4.00e+01,-4.80e+01,1.52e+02,
1067,-2.40e+01,-9.20e+01,1.76e+02,
1068,-4.00e+01,-5.60e+01,1.76e+02,
1069,-2.40e+01,-9.20e+01,1.56e+02,
1070,-4.00e+01,-6.00e+01,1.76e+02,
1071,-2.40e+01,-9.20e+01,1.56e+02,
1072,-4.00e+01,-6.40e+01,1.76e+02,
1073,-2.00e+01,-9.20e+01,1.52e+02,
1074,-3.20e+01,-6.00e+01,1.68e+02,
1075,-1.60e+01,-9.20e+01,1.44e+02,
1076,-3.20e+01,-6.00e+01,1.60e+02,
1077,-1.60e+01,-9.20e+01,1.32e+02,
1078,-1.20e+01,-6.00e+01,1.52e+02,
1079,-2.80e+01,-9.20e+01,1.24e+02,
1080,-8.00e+00,-6.00e+01,1.44e+02,
1081,-2.80e+01,-9.20e+01,1.20e+02,
1082,-8.00e+00,-6.40e+01,1.20e+02,
1083,-2.40e+01,-1.00e+02,1.40e+02,
1084,-2.00e+01,-6.80e+01,1.36e+02,
1085,-4.00e+00,-1.00e+02,1.12e+02,
1086,-2.00e+01,-7.20e+01,1.32e+02,
1087,-4.00e+00,-1.04e+02,1.12e+02,
1088,-4.00e+00,-7.60e+01,1.32e+02,
1089,-2.00e+01,-1.12e+02,1.08e+02,
1090,0.00e+00,-8.00e+01,1.28e+02,
1091,-1.60e+01,-1.12e+02,1.08e+02,
1092,-1.60e+01,-8.80e+01,1.08e+02,
1093,0.00e+00,-1.16e+02,1.28e+02,
1094,0.00e+00,-9.20e+01,1.28e+02,
1095,-1.60e+01,-1.24e+02,1.04e+02,
1096,0.00e+00,-9.60e+01,1.08e+02,
1097,-1.60e+01,-1.28e+02,1.32e+02,
1098,-8.00e+00,-1.04e+02,1.12e+02,
1099,8.00e+00,-1.32e+02,1.40e+02,
1100,8.00e+00,-1.16e+02,1.12e+02,
1101,-8.00e+00,-1.40e+02,1.44e+02,
1102,8.00e+00,-1.40e+02,1.16e+02,
1103,-8.00e+00,-1.16e+02,1.40e+02,
1104,1.20e+01,-1.16e+02,1.40e+02,
1105,-8.00e+00,-1.44e+02,1.12e+02,
1106,-4.00e+00,-1.08e+02,1.36e+02,
1107,1.20e+01,-1.36e+02,1.08e+02,
1108,1.60e+01,-1.04e+02,1.28e+02,
1109,-4.00e+00,-1.28e+02,1.00e+02,
1110,2.00e+01,-1.24e+02,1.24e+02,
1111,0.00e+00,-1.04e+02,8.80e+01,
1112,4.00e+00,-1.04e+02,8.40e+01,
1113,2.00e+01,-1.28e+02,1.16e+02,
1114,4.00e+00,-1.04e+02,8.00e+01,
1115,2.00e+01,-1.32e+02,1.12e+02,
1116,4.00e+00,-1.08e+02,7.60e+01,
1117,2.40e+01,-1.32e+02,1.12e+02,
1118,8.00e+00,-1.08e+02,6.80e+01,
1119,2.40e+01,-1.36e+02,1.08e+02,
1120,2.40e+01,-1.08e+02,6.80e+01,
1121,8.00e+00,-1.36e+02,1.04e+02,
1122,8.00e+00,-1.16e+02,6.40e+01,
1123,2.40e+01,-1.40e+02,1.00e+02,
1124,3.20e+01,-1.16e+02,6.00e+01,
1125,8.00e+00,-1.48e+02,9.60e+01,
1126,1.60e+01,-1.20e+02,6.00e+01,
1127,3.20e+01,-1.56e+02,9.60e+01,
1128,3.60e+01,-1.32e+02,6.00e+01,
1129,1.60e+01,-1.64e+02,9.60e+01,
1130,2.00e+01,-1.40e+02,6.00e+01,
1131,3.60e+01,-1.68e+02,9.60e+01,
1132,2.40e+01,-1.52e+02,6.00e+01,
1133,4.40e+01,-1.72e+02,9.60e+01,
1134,4.40e+01,-1.56e+02,6.00e+01,
1135,2.40e+01,-1.80e+02,9.60e+01,
1136,4.40e+01,-1.72e+02,5.20e+01,
1137,2.80e+01,-1.52e+02,9.20e+01,
1138,2.80e+01,-1.72e+02,5.20e+01,
1139,4.80e+01,-1.44e+02,9.20e+01,
1140,4.80e+01,-1.60e+02,4.80e+01,
1141,2.80e+01,-1.32e+02,8.40e+01,
1142,4.80e+01,-1.56e+02,3.60e+01,
1143,2.80e+01,-1.32e+02,8.40e+01,
1144,4.80e+01,-1.28e+02,3.60e+01,
1145,3.20e+01,-1.48e+02,8.00e+01,
1146,3.20e+01,-1.48e+02,7.20e+01,
1147,5.20e+01,-1.24e+02,3.60e+01,
1148,3.60e+01,-1.44e+02,3.20e+01,
1149,5.60e+01,-1.20e+02,7.20e+01,
1150,4.00e+01,-1.20e+02,2.40e+01,
1151,5.60e+01,-1.44e+02,7.20e+01,
1152,4.00e+01,-1.20e+02,2.40e+01,
1153,6.00e+01,-1.48e+02,6.80e+01,
1154,6.00e+01,-1.20e+02,2.00e+01,
1155,4.40e+01,-1.48e+02,7.20e+01,
1156,4.40e+01,-1.24e+02,1.60e+01,
1157,6.40e+01,-1.48e+02,6.00e+01,
1158,5.20e+01,-1.28e+02,1.60e+01,
1159,6.80e+01,-1.52e+02,6.00e+01,
1160,5.60e+01,-1.32e+02,1.20e+01,
1161,7.20e+01,-1.56e+02,6.80e+01,
1162,6.00e+01,-1.40e+02,1.20e+01,
1163,8.00e+01,-1.64e+02,6.00e+01,
1164,6.40e+01,-1.44e+02,1.20e+01,
1165,8.40e+01,-1.72e+02,6.00e+01,
1166,6.80e+01,-1.56e+02,1.20e+01,
1167,8.40e+01,-1.72e+02,6.00e+01,
1168,8.40e+01,-1.72e+02,8.00e+00,
1169,6.80e+01,-1.56e+02,5.60e+01,
1170,9.20e+01,-1.72e+02,8.00e+00,
1171,7.20e+01,-1.48e+02,5.60e+01,
1172,6.80e+01,-1.60e+02,4.00e+00,
1173,8.80e+01,-1.40e+02,5.60e+01,
1174,9.20e+01,-1.32e+02,0.00e+00,
1175,6.80e+01,-1.56e+02,4.40e+01,
1176,8.40e+01,-1.28e+02,-4.00e+00,
1177,6.80e+01,-1.48e+02,4.80e+01,
1178,9.20e+01,-1.20e+02,-8.00e+00,
1179,6.80e+01,-1.44e+02,4.40e+01,
1180,7.60e+01,-1.16e+02,-1.20e+01,
1181,9.60e+01,-1.36e+02,4.40e+01,
1182,9.60e+01,-1.32e+02,-1.20e+01,
1183,7.60e+01,-1.08e+02,4.40e+01,
1184,8.00e+01,-1.28e+02,-1.20e+01,
1185,1.00e+02,-1.08e+02,4.00e+01,
1186,1.04e+02,-1.08e+02,-1.60e+01,
1187,8.00e+01,-1.28e+02,3.60e+01,
1188,8.80e+01,-1.24e+02,-1.20e+01,
1189,1.08e+02,-1.04e+02,3.60e+01,
1190,1.16e+02,-1.04e+02,-1.60e+01,
1191,9.20e+01,-1.24e+02,4.00e+01,
1192,1.00e+02,-1.04e+02,-2.00e+01,
1193,1.20e+02,-1.28e+02,3.60e+01,
1194,1.04e+02,-1.08e+02,-2.00e+01,
1195,1.28e+02,-1.28e+02,2.80e+01,
1196,1.12e+02,-1.12e+02,-2.40e+01,
1197,1.32e+02,-1.28e+02,2.80e+01,
1198,1.16e+02,-1.16e+02,-2.40e+01,
1199,1.40e+02,-1.36e+02,2.80e+01,
